,Location,Year,CCI Value
0,OECD,1974-01-01,98.96154
1,OECD,1974-02-01,98.94519
2,OECD,1974-03-01,99.07729
3,OECD,1974-04-01,99.20571
4,OECD,1974-05-01,99.18984
5,OECD,1974-06-01,99.05049
6,OECD,1974-07-01,98.85868
7,OECD,1974-08-01,98.67564
8,OECD,1974-09-01,98.51510999999999
9,OECD,1974-10-01,98.3894
10,OECD,1974-11-01,98.33019
11,OECD,1974-12-01,98.34467
12,OECD,1975-01-01,98.46942
13,OECD,1975-02-01,98.71153000000001
14,OECD,1975-03-01,98.99963000000001
15,OECD,1975-04-01,99.25822
16,OECD,1975-05-01,99.42331999999999
17,OECD,1975-06-01,99.51462
18,OECD,1975-07-01,99.5748
19,OECD,1975-08-01,99.61052
20,OECD,1975-09-01,99.65764
21,OECD,1975-10-01,99.77553
22,OECD,1975-11-01,100.0064
23,OECD,1975-12-01,100.2976
24,OECD,1976-01-01,100.5502
25,OECD,1976-02-01,100.6744
26,OECD,1976-03-01,100.71600000000001
27,OECD,1976-04-01,100.7466
28,OECD,1976-05-01,100.80799999999999
29,OECD,1976-06-01,100.8665
30,OECD,1976-07-01,100.8811
31,OECD,1976-08-01,100.8289
32,OECD,1976-09-01,100.7457
33,OECD,1976-10-01,100.6784
34,OECD,1976-11-01,100.6706
35,OECD,1976-12-01,100.7066
36,OECD,1977-01-01,100.7589
37,OECD,1977-02-01,100.7878
38,OECD,1977-03-01,100.7796
39,OECD,1977-04-01,100.7447
40,OECD,1977-05-01,100.7213
41,OECD,1977-06-01,100.7517
42,OECD,1977-07-01,100.8118
43,OECD,1977-08-01,100.8621
44,OECD,1977-09-01,100.9046
45,OECD,1977-10-01,100.9501
46,OECD,1977-11-01,100.9959
47,OECD,1977-12-01,101.0407
48,OECD,1978-01-01,101.0639
49,OECD,1978-02-01,101.0392
50,OECD,1978-03-01,100.973
51,OECD,1978-04-01,100.9654
52,OECD,1978-05-01,100.984
53,OECD,1978-06-01,100.98299999999999
54,OECD,1978-07-01,100.9907
55,OECD,1978-08-01,100.9697
56,OECD,1978-09-01,100.9562
57,OECD,1978-10-01,100.8505
58,OECD,1978-11-01,100.6322
59,OECD,1978-12-01,100.4133
60,OECD,1979-01-01,100.3576
61,OECD,1979-02-01,100.3445
62,OECD,1979-03-01,100.2704
63,OECD,1979-04-01,100.1805
64,OECD,1979-05-01,100.0815
65,OECD,1979-06-01,99.91435
66,OECD,1979-07-01,99.74651
67,OECD,1979-08-01,99.6753
68,OECD,1979-09-01,99.60555
69,OECD,1979-10-01,99.47038
70,OECD,1979-11-01,99.34957
71,OECD,1979-12-01,99.23891
72,OECD,1980-01-01,99.14156
73,OECD,1980-02-01,98.9538
74,OECD,1980-03-01,98.65704000000001
75,OECD,1980-04-01,98.44787
76,OECD,1980-05-01,98.42172
77,OECD,1980-06-01,98.57304
78,OECD,1980-07-01,98.80991999999999
79,OECD,1980-08-01,99.09351
80,OECD,1980-09-01,99.31919
81,OECD,1980-10-01,99.38253
82,OECD,1980-11-01,99.26191999999999
83,OECD,1980-12-01,99.03461
84,OECD,1981-01-01,98.9129
85,OECD,1981-02-01,98.79271999999999
86,OECD,1981-03-01,98.75251999999999
87,OECD,1981-04-01,98.83292
88,OECD,1981-05-01,98.92545
89,OECD,1981-06-01,98.91304000000001
90,OECD,1981-07-01,98.87495
91,OECD,1981-08-01,98.81813000000001
92,OECD,1981-09-01,98.70952
93,OECD,1981-10-01,98.5631
94,OECD,1981-11-01,98.44789
95,OECD,1981-12-01,98.48568
96,OECD,1982-01-01,98.61055
97,OECD,1982-02-01,98.637
98,OECD,1982-03-01,98.6544
99,OECD,1982-04-01,98.73454
100,OECD,1982-05-01,98.7672
101,OECD,1982-06-01,98.71198000000001
102,OECD,1982-07-01,98.61224
103,OECD,1982-08-01,98.5722
104,OECD,1982-09-01,98.61374
105,OECD,1982-10-01,98.69707
106,OECD,1982-11-01,98.75726
107,OECD,1982-12-01,98.8338
108,OECD,1983-01-01,99.01257
109,OECD,1983-02-01,99.33978
110,OECD,1983-03-01,99.76253
111,OECD,1983-04-01,100.1247
112,OECD,1983-05-01,100.3234
113,OECD,1983-06-01,100.3821
114,OECD,1983-07-01,100.3809
115,OECD,1983-08-01,100.3527
116,OECD,1983-09-01,100.3306
117,OECD,1983-10-01,100.3708
118,OECD,1983-11-01,100.5139
119,OECD,1983-12-01,100.7126
120,OECD,1984-01-01,100.8764
121,OECD,1984-02-01,100.9052
122,OECD,1984-03-01,100.8608
123,OECD,1984-04-01,100.755
124,OECD,1984-05-01,100.6776
125,OECD,1984-06-01,100.6395
126,OECD,1984-07-01,100.6951
127,OECD,1984-08-01,100.7897
128,OECD,1984-09-01,100.8487
129,OECD,1984-10-01,100.8207
130,OECD,1984-11-01,100.7949
131,OECD,1984-12-01,100.7862
132,OECD,1985-01-01,100.8027
133,OECD,1985-02-01,100.7675
134,OECD,1985-03-01,100.7324
135,OECD,1985-04-01,100.7174
136,OECD,1985-05-01,100.7166
137,OECD,1985-06-01,100.7528
138,OECD,1985-07-01,100.7564
139,OECD,1985-08-01,100.7364
140,OECD,1985-09-01,100.7225
141,OECD,1985-10-01,100.7351
142,OECD,1985-11-01,100.8048
143,OECD,1985-12-01,100.9085
144,OECD,1986-01-01,100.999
145,OECD,1986-02-01,101.0424
146,OECD,1986-03-01,101.0542
147,OECD,1986-04-01,101.0608
148,OECD,1986-05-01,101.0712
149,OECD,1986-06-01,101.0975
150,OECD,1986-07-01,101.0632
151,OECD,1986-08-01,100.9863
152,OECD,1986-09-01,100.9085
153,OECD,1986-10-01,100.8681
154,OECD,1986-11-01,100.7953
155,OECD,1986-12-01,100.7288
156,OECD,1987-01-01,100.7144
157,OECD,1987-02-01,100.7482
158,OECD,1987-03-01,100.8115
159,OECD,1987-04-01,100.8841
160,OECD,1987-05-01,100.9357
161,OECD,1987-06-01,100.9965
162,OECD,1987-07-01,101.0575
163,OECD,1987-08-01,101.0719
164,OECD,1987-09-01,101.0137
165,OECD,1987-10-01,100.8799
166,OECD,1987-11-01,100.7693
167,OECD,1987-12-01,100.8062
168,OECD,1988-01-01,100.9208
169,OECD,1988-02-01,101.0299
170,OECD,1988-03-01,101.1095
171,OECD,1988-04-01,101.1418
172,OECD,1988-05-01,101.1874
173,OECD,1988-06-01,101.2275
174,OECD,1988-07-01,101.2743
175,OECD,1988-08-01,101.3465
176,OECD,1988-09-01,101.3718
177,OECD,1988-10-01,101.3419
178,OECD,1988-11-01,101.3075
179,OECD,1988-12-01,101.2819
180,OECD,1989-01-01,101.2733
181,OECD,1989-02-01,101.1921
182,OECD,1989-03-01,101.0582
183,OECD,1989-04-01,100.9266
184,OECD,1989-05-01,100.8594
185,OECD,1989-06-01,100.8631
186,OECD,1989-07-01,100.9205
187,OECD,1989-08-01,100.9892
188,OECD,1989-09-01,101.0692
189,OECD,1989-10-01,101.0549
190,OECD,1989-11-01,101.0052
191,OECD,1989-12-01,100.98200000000001
192,OECD,1990-01-01,100.9744
193,OECD,1990-02-01,100.9355
194,OECD,1990-03-01,100.90899999999999
195,OECD,1990-04-01,100.8954
196,OECD,1990-05-01,100.8273
197,OECD,1990-06-01,100.7055
198,OECD,1990-07-01,100.491
199,OECD,1990-08-01,100.1211
200,OECD,1990-09-01,99.72759
201,OECD,1990-10-01,99.44665
202,OECD,1990-11-01,99.3639
203,OECD,1990-12-01,99.39973
204,OECD,1991-01-01,99.5105
205,OECD,1991-02-01,99.75416
206,OECD,1991-03-01,100.0779
207,OECD,1991-04-01,100.1883
208,OECD,1991-05-01,100.1815
209,OECD,1991-06-01,100.1537
210,OECD,1991-07-01,100.1026
211,OECD,1991-08-01,100.0475
212,OECD,1991-09-01,99.96794
213,OECD,1991-10-01,99.77325
214,OECD,1991-11-01,99.51798000000001
215,OECD,1991-12-01,99.34985999999999
216,OECD,1992-01-01,99.31487
217,OECD,1992-02-01,99.41278
218,OECD,1992-03-01,99.56817
219,OECD,1992-04-01,99.66569
220,OECD,1992-05-01,99.69161
221,OECD,1992-06-01,99.63069
222,OECD,1992-07-01,99.49061999999999
223,OECD,1992-08-01,99.33331
224,OECD,1992-09-01,99.2038
225,OECD,1992-10-01,99.17667
226,OECD,1992-11-01,99.31039
227,OECD,1992-12-01,99.45535
228,OECD,1993-01-01,99.5192
229,OECD,1993-02-01,99.50591
230,OECD,1993-03-01,99.4708
231,OECD,1993-04-01,99.41774000000001
232,OECD,1993-05-01,99.3013
233,OECD,1993-06-01,99.16539
234,OECD,1993-07-01,99.05215
235,OECD,1993-08-01,99.01541999999999
236,OECD,1993-09-01,99.0481
237,OECD,1993-10-01,99.15035
238,OECD,1993-11-01,99.32641
239,OECD,1993-12-01,99.61612
240,OECD,1994-01-01,99.91128
241,OECD,1994-02-01,100.0887
242,OECD,1994-03-01,100.1853
243,OECD,1994-04-01,100.2807
244,OECD,1994-05-01,100.3867
245,OECD,1994-06-01,100.4858
246,OECD,1994-07-01,100.5733
247,OECD,1994-08-01,100.6789
248,OECD,1994-09-01,100.766
249,OECD,1994-10-01,100.8213
250,OECD,1994-11-01,100.8344
251,OECD,1994-12-01,100.8332
252,OECD,1995-01-01,100.8001
253,OECD,1995-02-01,100.6742
254,OECD,1995-03-01,100.521
255,OECD,1995-04-01,100.4364
256,OECD,1995-05-01,100.4171
257,OECD,1995-06-01,100.4876
258,OECD,1995-07-01,100.5562
259,OECD,1995-08-01,100.5531
260,OECD,1995-09-01,100.459
261,OECD,1995-10-01,100.389
262,OECD,1995-11-01,100.3429
263,OECD,1995-12-01,100.3361
264,OECD,1996-01-01,100.3356
265,OECD,1996-02-01,100.3529
266,OECD,1996-03-01,100.3945
267,OECD,1996-04-01,100.3724
268,OECD,1996-05-01,100.3255
269,OECD,1996-06-01,100.3362
270,OECD,1996-07-01,100.3805
271,OECD,1996-08-01,100.4285
272,OECD,1996-09-01,100.4631
273,OECD,1996-10-01,100.494
274,OECD,1996-11-01,100.4997
275,OECD,1996-12-01,100.4739
276,OECD,1997-01-01,100.493
277,OECD,1997-02-01,100.57
278,OECD,1997-03-01,100.6687
279,OECD,1997-04-01,100.7771
280,OECD,1997-05-01,100.8926
281,OECD,1997-06-01,101.0011
282,OECD,1997-07-01,101.0764
283,OECD,1997-08-01,101.0838
284,OECD,1997-09-01,101.0763
285,OECD,1997-10-01,101.0561
286,OECD,1997-11-01,101.045
287,OECD,1997-12-01,101.0392
288,OECD,1998-01-01,101.1092
289,OECD,1998-02-01,101.18799999999999
290,OECD,1998-03-01,101.2016
291,OECD,1998-04-01,101.182
292,OECD,1998-05-01,101.1198
293,OECD,1998-06-01,101.0449
294,OECD,1998-07-01,100.9846
295,OECD,1998-08-01,100.9121
296,OECD,1998-09-01,100.8508
297,OECD,1998-10-01,100.8616
298,OECD,1998-11-01,100.9789
299,OECD,1998-12-01,101.1081
300,OECD,1999-01-01,101.272
301,OECD,1999-02-01,101.3855
302,OECD,1999-03-01,101.3895
303,OECD,1999-04-01,101.3641
304,OECD,1999-05-01,101.3657
305,OECD,1999-06-01,101.3798
306,OECD,1999-07-01,101.3843
307,OECD,1999-08-01,101.3964
308,OECD,1999-09-01,101.4392
309,OECD,1999-10-01,101.4958
310,OECD,1999-11-01,101.5947
311,OECD,1999-12-01,101.7047
312,OECD,2000-01-01,101.8215
313,OECD,2000-02-01,101.8513
314,OECD,2000-03-01,101.8223
315,OECD,2000-04-01,101.8148
316,OECD,2000-05-01,101.8067
317,OECD,2000-06-01,101.7688
318,OECD,2000-07-01,101.7512
319,OECD,2000-08-01,101.6933
320,OECD,2000-09-01,101.57600000000001
321,OECD,2000-10-01,101.4676
322,OECD,2000-11-01,101.3251
323,OECD,2000-12-01,101.1088
324,OECD,2001-01-01,100.906
325,OECD,2001-02-01,100.7596
326,OECD,2001-03-01,100.6869
327,OECD,2001-04-01,100.6448
328,OECD,2001-05-01,100.62899999999999
329,OECD,2001-06-01,100.5955
330,OECD,2001-07-01,100.4962
331,OECD,2001-08-01,100.3056
332,OECD,2001-09-01,100.0637
333,OECD,2001-10-01,99.94579
334,OECD,2001-11-01,100.0045
335,OECD,2001-12-01,100.1881
336,OECD,2002-01-01,100.3644
337,OECD,2002-02-01,100.5078
338,OECD,2002-03-01,100.6394
339,OECD,2002-04-01,100.69
340,OECD,2002-05-01,100.6877
341,OECD,2002-06-01,100.5827
342,OECD,2002-07-01,100.4321
343,OECD,2002-08-01,100.2879
344,OECD,2002-09-01,100.1441
345,OECD,2002-10-01,99.98259
346,OECD,2002-11-01,99.87939
347,OECD,2002-12-01,99.76579
348,OECD,2003-01-01,99.59364000000001
349,OECD,2003-02-01,99.45373000000001
350,OECD,2003-03-01,99.46471
351,OECD,2003-04-01,99.68903
352,OECD,2003-05-01,99.93085
353,OECD,2003-06-01,100.0708
354,OECD,2003-07-01,100.12899999999999
355,OECD,2003-08-01,100.1263
356,OECD,2003-09-01,100.1364
357,OECD,2003-10-01,100.2058
358,OECD,2003-11-01,100.3391
359,OECD,2003-12-01,100.4781
360,OECD,2004-01-01,100.6093
361,OECD,2004-02-01,100.5979
362,OECD,2004-03-01,100.56700000000001
363,OECD,2004-04-01,100.5372
364,OECD,2004-05-01,100.5172
365,OECD,2004-06-01,100.5611
366,OECD,2004-07-01,100.6212
367,OECD,2004-08-01,100.6298
368,OECD,2004-09-01,100.6021
369,OECD,2004-10-01,100.5922
370,OECD,2004-11-01,100.6342
371,OECD,2004-12-01,100.7161
372,OECD,2005-01-01,100.7726
373,OECD,2005-02-01,100.75
374,OECD,2005-03-01,100.641
375,OECD,2005-04-01,100.5243
376,OECD,2005-05-01,100.4871
377,OECD,2005-06-01,100.5255
378,OECD,2005-07-01,100.4769
379,OECD,2005-08-01,100.2624
380,OECD,2005-09-01,100.0033
381,OECD,2005-10-01,99.97157
382,OECD,2005-11-01,100.1892
383,OECD,2005-12-01,100.4878
384,OECD,2006-01-01,100.6802
385,OECD,2006-02-01,100.7119
386,OECD,2006-03-01,100.6721
387,OECD,2006-04-01,100.5702
388,OECD,2006-05-01,100.4166
389,OECD,2006-06-01,100.338
390,OECD,2006-07-01,100.3122
391,OECD,2006-08-01,100.3343
392,OECD,2006-09-01,100.4604
393,OECD,2006-10-01,100.6443
394,OECD,2006-11-01,100.7518
395,OECD,2006-12-01,100.8041
396,OECD,2007-01-01,100.8199
397,OECD,2007-02-01,100.7618
398,OECD,2007-03-01,100.6913
399,OECD,2007-04-01,100.6701
400,OECD,2007-05-01,100.6867
401,OECD,2007-06-01,100.6691
402,OECD,2007-07-01,100.6394
403,OECD,2007-08-01,100.5129
404,OECD,2007-09-01,100.3402
405,OECD,2007-10-01,100.1229
406,OECD,2007-11-01,99.88068
407,OECD,2007-12-01,99.69203
408,OECD,2008-01-01,99.4911
409,OECD,2008-02-01,99.19776999999999
410,OECD,2008-03-01,98.85535
411,OECD,2008-04-01,98.44651
412,OECD,2008-05-01,98.06689
413,OECD,2008-06-01,97.80293
414,OECD,2008-07-01,97.75225
415,OECD,2008-08-01,97.83569
416,OECD,2008-09-01,97.83825
417,OECD,2008-10-01,97.57935
418,OECD,2008-11-01,97.34113
419,OECD,2008-12-01,97.20554
420,OECD,2009-01-01,97.13251
421,OECD,2009-02-01,97.12735
422,OECD,2009-03-01,97.31233
423,OECD,2009-04-01,97.69488
424,OECD,2009-05-01,98.08229
425,OECD,2009-06-01,98.38265
426,OECD,2009-07-01,98.5759
427,OECD,2009-08-01,98.75745
428,OECD,2009-09-01,98.95299
429,OECD,2009-10-01,99.038
430,OECD,2009-11-01,99.06617
431,OECD,2009-12-01,99.14158
432,OECD,2010-01-01,99.23507
433,OECD,2010-02-01,99.28246
434,OECD,2010-03-01,99.30691999999999
435,OECD,2010-04-01,99.3047
436,OECD,2010-05-01,99.28454
437,OECD,2010-06-01,99.25941
438,OECD,2010-07-01,99.19518000000001
439,OECD,2010-08-01,99.16508
440,OECD,2010-09-01,99.15222
441,OECD,2010-10-01,99.19563000000001
442,OECD,2010-11-01,99.3092
443,OECD,2010-12-01,99.39493
444,OECD,2011-01-01,99.40142
445,OECD,2011-02-01,99.31369000000001
446,OECD,2011-03-01,99.09877
447,OECD,2011-04-01,98.96474
448,OECD,2011-05-01,98.93945
449,OECD,2011-06-01,98.84206
450,OECD,2011-07-01,98.60125
451,OECD,2011-08-01,98.32545
452,OECD,2011-09-01,98.21761
453,OECD,2011-10-01,98.24854
454,OECD,2011-11-01,98.39721999999999
455,OECD,2011-12-01,98.60191
456,OECD,2012-01-01,98.81741
457,OECD,2012-02-01,98.96399
458,OECD,2012-03-01,99.04035
459,OECD,2012-04-01,99.0527
460,OECD,2012-05-01,99.02552
461,OECD,2012-06-01,98.92729
462,OECD,2012-07-01,98.8605
463,OECD,2012-08-01,98.85084
464,OECD,2012-09-01,98.88667
465,OECD,2012-10-01,98.94094
466,OECD,2012-11-01,98.94816999999999
467,OECD,2012-12-01,98.90919
468,OECD,2013-01-01,98.97594000000001
469,OECD,2013-02-01,99.08733000000001
470,OECD,2013-03-01,99.19135
471,OECD,2013-04-01,99.29209
472,OECD,2013-05-01,99.44286
473,OECD,2013-06-01,99.55223000000001
474,OECD,2013-07-01,99.61195
475,OECD,2013-08-01,99.58009
476,OECD,2013-09-01,99.49712
477,OECD,2013-10-01,99.42796
478,OECD,2013-11-01,99.46349000000001
479,OECD,2013-12-01,99.55285
480,OECD,2014-01-01,99.59249
481,OECD,2014-02-01,99.61094
482,OECD,2014-03-01,99.66984000000001
483,OECD,2014-04-01,99.76349
484,OECD,2014-05-01,99.81233
485,OECD,2014-06-01,99.82948
486,OECD,2014-07-01,99.81565
487,OECD,2014-08-01,99.8091
488,OECD,2014-09-01,99.82694000000001
489,OECD,2014-10-01,99.87483
490,OECD,2014-11-01,99.96729
491,OECD,2014-12-01,100.1264
492,OECD,2015-01-01,100.28200000000001
493,OECD,2015-02-01,100.3626
494,OECD,2015-03-01,100.3875
495,OECD,2015-04-01,100.3827
496,OECD,2015-05-01,100.3336
497,OECD,2015-06-01,100.2996
498,OECD,2015-07-01,100.2131
499,OECD,2015-08-01,100.1329
500,OECD,2015-09-01,100.1006
501,OECD,2015-10-01,100.2071
502,OECD,2015-11-01,100.3523
503,OECD,2015-12-01,100.3994
504,OECD,2016-01-01,100.3249
505,OECD,2016-02-01,100.2025
506,OECD,2016-03-01,100.1363
507,OECD,2016-04-01,100.1448
508,OECD,2016-05-01,100.2142
509,OECD,2016-06-01,100.2288
510,OECD,2016-07-01,100.1852
511,OECD,2016-08-01,100.18700000000001
512,OECD,2016-09-01,100.21600000000001
513,OECD,2016-10-01,100.2373
514,OECD,2016-11-01,100.2975
515,OECD,2016-12-01,100.3565
516,OECD,2017-01-01,100.365
517,OECD,2017-02-01,100.3784
518,OECD,2017-03-01,100.446
519,OECD,2017-04-01,100.5309
520,OECD,2017-05-01,100.595
521,OECD,2017-06-01,100.6188
522,OECD,2017-07-01,100.6509
523,OECD,2017-08-01,100.7066
524,OECD,2017-09-01,100.7645
525,OECD,2017-10-01,100.8401
526,OECD,2017-11-01,100.8582
527,OECD,2017-12-01,100.8491
528,OECD,2018-01-01,100.8624
529,OECD,2018-02-01,100.8959
530,OECD,2018-03-01,100.90899999999999
531,OECD,2018-04-01,100.8853
532,OECD,2018-05-01,100.8642
533,OECD,2018-06-01,100.8585
534,OECD,2018-07-01,100.8605
535,OECD,2018-08-01,100.8123
536,OECD,2018-09-01,100.7497
537,OECD,2018-10-01,100.665
538,OECD,2018-11-01,100.5691
539,OECD,2018-12-01,100.4776
540,OECD,2019-01-01,100.4116
541,OECD,2019-02-01,100.454
542,OECD,2019-03-01,100.5315
543,OECD,2019-04-01,100.5621
544,OECD,2019-05-01,100.5381
545,OECD,2019-06-01,100.4545
546,OECD,2019-07-01,100.3313
547,OECD,2019-08-01,100.1772
548,OECD,2019-09-01,100.1122
549,OECD,2019-10-01,100.1053
550,USA,1970-12-01,98.74387
551,USA,1971-01-01,98.92701
552,USA,1971-02-01,99.06342
553,USA,1971-03-01,99.16283
554,USA,1971-04-01,99.24342
555,USA,1971-05-01,99.31329000000001
556,USA,1971-06-01,99.37062
557,USA,1971-07-01,99.40685
558,USA,1971-08-01,99.42241999999999
559,USA,1971-09-01,99.4637
560,USA,1971-10-01,99.60351
561,USA,1971-11-01,99.89603000000001
562,USA,1971-12-01,100.2331
563,USA,1972-01-01,100.4671
564,USA,1972-02-01,100.4896
565,USA,1972-03-01,100.4121
566,USA,1972-04-01,100.3828
567,USA,1972-05-01,100.5019
568,USA,1972-06-01,100.6896
569,USA,1972-07-01,100.8212
570,USA,1972-08-01,100.7926
571,USA,1972-09-01,100.64299999999999
572,USA,1972-10-01,100.4103
573,USA,1972-11-01,100.1078
574,USA,1972-12-01,99.78336999999999
575,USA,1973-01-01,99.48389
576,USA,1973-02-01,99.24095
577,USA,1973-03-01,99.03194
578,USA,1973-04-01,98.83447
579,USA,1973-05-01,98.64689
580,USA,1973-06-01,98.49733
581,USA,1973-07-01,98.4389
582,USA,1973-08-01,98.50697
583,USA,1973-09-01,98.58525999999999
584,USA,1973-10-01,98.51086
585,USA,1973-11-01,98.16905
586,USA,1973-12-01,97.74072
587,USA,1974-01-01,97.47886
588,USA,1974-02-01,97.57133
589,USA,1974-03-01,97.83740999999999
590,USA,1974-04-01,98.03143
591,USA,1974-05-01,97.97291
592,USA,1974-06-01,97.74873000000001
593,USA,1974-07-01,97.47547
594,USA,1974-08-01,97.22744
595,USA,1974-09-01,97.01369
596,USA,1974-10-01,96.83762
597,USA,1974-11-01,96.72224
598,USA,1974-12-01,96.69774
599,USA,1975-01-01,96.84380999999999
600,USA,1975-02-01,97.24107
601,USA,1975-03-01,97.75187
602,USA,1975-04-01,98.20774
603,USA,1975-05-01,98.48323
604,USA,1975-06-01,98.62471
605,USA,1975-07-01,98.68643
606,USA,1975-08-01,98.7006
607,USA,1975-09-01,98.7272
608,USA,1975-10-01,98.83598
609,USA,1975-11-01,99.07602
610,USA,1975-12-01,99.36306
611,USA,1976-01-01,99.58568000000001
612,USA,1976-02-01,99.66444
613,USA,1976-03-01,99.67544000000001
614,USA,1976-04-01,99.72158
615,USA,1976-05-01,99.87151
616,USA,1976-06-01,100.0635
617,USA,1976-07-01,100.2018
618,USA,1976-08-01,100.2104
619,USA,1976-09-01,100.1417
620,USA,1976-10-01,100.0632
621,USA,1976-11-01,100.0229
622,USA,1976-12-01,100.0236
623,USA,1977-01-01,100.0673
624,USA,1977-02-01,100.1581
625,USA,1977-03-01,100.2626
626,USA,1977-04-01,100.3383
627,USA,1977-05-01,100.3482
628,USA,1977-06-01,100.3042
629,USA,1977-07-01,100.2116
630,USA,1977-08-01,100.0665
631,USA,1977-09-01,99.90247
632,USA,1977-10-01,99.75848
633,USA,1977-11-01,99.66618000000001
634,USA,1977-12-01,99.61685
635,USA,1978-01-01,99.58453
636,USA,1978-02-01,99.50603000000001
637,USA,1978-03-01,99.37104000000001
638,USA,1978-04-01,99.3698
639,USA,1978-05-01,99.39348000000001
640,USA,1978-06-01,99.35844
641,USA,1978-07-01,99.33261999999999
642,USA,1978-08-01,99.23594
643,USA,1978-09-01,99.14304
644,USA,1978-10-01,98.91843
645,USA,1978-11-01,98.54008
646,USA,1978-12-01,98.19723
647,USA,1979-01-01,98.17243
648,USA,1979-02-01,98.15743
649,USA,1979-03-01,97.97036
650,USA,1979-04-01,97.77838
651,USA,1979-05-01,97.65015
652,USA,1979-06-01,97.47079000000001
653,USA,1979-07-01,97.31251999999999
654,USA,1979-08-01,97.34855999999999
655,USA,1979-09-01,97.3883
656,USA,1979-10-01,97.31435
657,USA,1979-11-01,97.29668000000001
658,USA,1979-12-01,97.33577
659,USA,1980-01-01,97.41873000000001
660,USA,1980-02-01,97.21481
661,USA,1980-03-01,96.6848
662,USA,1980-04-01,96.27341
663,USA,1980-05-01,96.2392
664,USA,1980-06-01,96.62744
665,USA,1980-07-01,97.18895
666,USA,1980-08-01,97.79959000000001
667,USA,1980-09-01,98.31421
668,USA,1980-10-01,98.53294
669,USA,1980-11-01,98.42515999999999
670,USA,1980-12-01,98.0607
671,USA,1981-01-01,97.91386
672,USA,1981-02-01,97.82
673,USA,1981-03-01,97.91866999999999
674,USA,1981-04-01,98.22815
675,USA,1981-05-01,98.50061
676,USA,1981-06-01,98.59349
677,USA,1981-07-01,98.64708
678,USA,1981-08-01,98.62233
679,USA,1981-09-01,98.36272
680,USA,1981-10-01,97.97666
681,USA,1981-11-01,97.62406
682,USA,1981-12-01,97.57923000000001
683,USA,1982-01-01,97.68344
684,USA,1982-02-01,97.59741
685,USA,1982-03-01,97.4703
686,USA,1982-04-01,97.50641999999999
687,USA,1982-05-01,97.57311
688,USA,1982-06-01,97.56841999999999
689,USA,1982-07-01,97.58530999999999
690,USA,1982-08-01,97.70855999999999
691,USA,1982-09-01,97.96325999999999
692,USA,1982-10-01,98.19164
693,USA,1982-11-01,98.24828000000001
694,USA,1982-12-01,98.245
695,USA,1983-01-01,98.34405
696,USA,1983-02-01,98.73844
697,USA,1983-03-01,99.37975
698,USA,1983-04-01,100.0684
699,USA,1983-05-01,100.5277
700,USA,1983-06-01,100.6733
701,USA,1983-07-01,100.63799999999999
702,USA,1983-08-01,100.4997
703,USA,1983-09-01,100.3859
704,USA,1983-10-01,100.3925
705,USA,1983-11-01,100.5823
706,USA,1983-12-01,100.9089
707,USA,1984-01-01,101.2353
708,USA,1984-02-01,101.3643
709,USA,1984-03-01,101.3934
710,USA,1984-04-01,101.2738
711,USA,1984-05-01,101.1972
712,USA,1984-06-01,101.1497
713,USA,1984-07-01,101.2192
714,USA,1984-08-01,101.34299999999999
715,USA,1984-09-01,101.3651
716,USA,1984-10-01,101.2011
717,USA,1984-11-01,101.0235
718,USA,1984-12-01,100.895
719,USA,1985-01-01,100.8771
720,USA,1985-02-01,100.8353
721,USA,1985-03-01,100.8143
722,USA,1985-04-01,100.8153
723,USA,1985-05-01,100.8163
724,USA,1985-06-01,100.8752
725,USA,1985-07-01,100.8056
726,USA,1985-08-01,100.6605
727,USA,1985-09-01,100.51299999999999
728,USA,1985-10-01,100.4172
729,USA,1985-11-01,100.5208
730,USA,1985-12-01,100.7343
731,USA,1986-01-01,100.9153
732,USA,1986-02-01,101.0015
733,USA,1986-03-01,101.02600000000001
734,USA,1986-04-01,101.0654
735,USA,1986-05-01,101.1232
736,USA,1986-06-01,101.2172
737,USA,1986-07-01,101.1603
738,USA,1986-08-01,100.9856
739,USA,1986-09-01,100.8187
740,USA,1986-10-01,100.7296
741,USA,1986-11-01,100.5532
742,USA,1986-12-01,100.405
743,USA,1987-01-01,100.3737
744,USA,1987-02-01,100.4031
745,USA,1987-03-01,100.47399999999999
746,USA,1987-04-01,100.5515
747,USA,1987-05-01,100.5836
748,USA,1987-06-01,100.6538
749,USA,1987-07-01,100.7537
750,USA,1987-08-01,100.7583
751,USA,1987-09-01,100.5802
752,USA,1987-10-01,100.2459
753,USA,1987-11-01,99.98158000000001
754,USA,1987-12-01,100.0509
755,USA,1988-01-01,100.3043
756,USA,1988-02-01,100.536
757,USA,1988-03-01,100.6931
758,USA,1988-04-01,100.7353
759,USA,1988-05-01,100.8245
760,USA,1988-06-01,100.8902
761,USA,1988-07-01,100.9557
762,USA,1988-08-01,101.0607
763,USA,1988-09-01,101.0459
764,USA,1988-10-01,100.9097
765,USA,1988-11-01,100.8111
766,USA,1988-12-01,100.8369
767,USA,1989-01-01,100.9735
768,USA,1989-02-01,100.9539
769,USA,1989-03-01,100.8136
770,USA,1989-04-01,100.6217
771,USA,1989-05-01,100.4943
772,USA,1989-06-01,100.4631
773,USA,1989-07-01,100.5107
774,USA,1989-08-01,100.59
775,USA,1989-09-01,100.7385
776,USA,1989-10-01,100.7218
777,USA,1989-11-01,100.6005
778,USA,1989-12-01,100.5281
779,USA,1990-01-01,100.5255
780,USA,1990-02-01,100.5079
781,USA,1990-03-01,100.5752
782,USA,1990-04-01,100.6265
783,USA,1990-05-01,100.4996
784,USA,1990-06-01,100.2207
785,USA,1990-07-01,99.74948
786,USA,1990-08-01,98.99345
787,USA,1990-09-01,98.26713000000001
788,USA,1990-10-01,97.68663000000001
789,USA,1990-11-01,97.48048
790,USA,1990-12-01,97.54316
791,USA,1991-01-01,97.88349000000001
792,USA,1991-02-01,98.50437
793,USA,1991-03-01,99.21239
794,USA,1991-04-01,99.41235999999999
795,USA,1991-05-01,99.39571
796,USA,1991-06-01,99.45955
797,USA,1991-07-01,99.51958
798,USA,1991-08-01,99.48465999999999
799,USA,1991-09-01,99.2891
800,USA,1991-10-01,98.8238
801,USA,1991-11-01,98.24709
802,USA,1991-12-01,97.90777
803,USA,1992-01-01,97.86015
804,USA,1992-02-01,98.09953
805,USA,1992-03-01,98.52905
806,USA,1992-04-01,98.87025
807,USA,1992-05-01,99.06451
808,USA,1992-06-01,99.07023000000001
809,USA,1992-07-01,98.89941999999999
810,USA,1992-08-01,98.7504
811,USA,1992-09-01,98.74015
812,USA,1992-10-01,98.99562
813,USA,1992-11-01,99.60625
814,USA,1992-12-01,100.1032
815,USA,1993-01-01,100.2332
816,USA,1993-02-01,100.1197
817,USA,1993-03-01,99.93666999999999
818,USA,1993-04-01,99.71008
819,USA,1993-05-01,99.42063
820,USA,1993-06-01,99.19554000000001
821,USA,1993-07-01,98.98640999999999
822,USA,1993-08-01,98.9328
823,USA,1993-09-01,99.05207
824,USA,1993-10-01,99.32763
825,USA,1993-11-01,99.65890999999999
826,USA,1993-12-01,100.1397
827,USA,1994-01-01,100.5536
828,USA,1994-02-01,100.7014
829,USA,1994-03-01,100.6909
830,USA,1994-04-01,100.6617
831,USA,1994-05-01,100.6003
832,USA,1994-06-01,100.4958
833,USA,1994-07-01,100.4245
834,USA,1994-08-01,100.4697
835,USA,1994-09-01,100.5392
836,USA,1994-10-01,100.6317
837,USA,1994-11-01,100.744
838,USA,1994-12-01,100.9175
839,USA,1995-01-01,100.9982
840,USA,1995-02-01,100.8676
841,USA,1995-03-01,100.6502
842,USA,1995-04-01,100.556
843,USA,1995-05-01,100.5435
844,USA,1995-06-01,100.6684
845,USA,1995-07-01,100.7837
846,USA,1995-08-01,100.7504
847,USA,1995-09-01,100.5174
848,USA,1995-10-01,100.3634
849,USA,1995-11-01,100.2869
850,USA,1995-12-01,100.3105
851,USA,1996-01-01,100.3265
852,USA,1996-02-01,100.3965
853,USA,1996-03-01,100.5388
854,USA,1996-04-01,100.5669
855,USA,1996-05-01,100.5466
856,USA,1996-06-01,100.6528
857,USA,1996-07-01,100.8087
858,USA,1996-08-01,100.9262
859,USA,1996-09-01,101.0149
860,USA,1996-10-01,101.1344
861,USA,1996-11-01,101.236
862,USA,1996-12-01,101.2509
863,USA,1997-01-01,101.3005
864,USA,1997-02-01,101.4157
865,USA,1997-03-01,101.5455
866,USA,1997-04-01,101.7065
867,USA,1997-05-01,101.8885
868,USA,1997-06-01,102.0543
869,USA,1997-07-01,102.1659
870,USA,1997-08-01,102.1685
871,USA,1997-09-01,102.1791
872,USA,1997-10-01,102.1724
873,USA,1997-11-01,102.1544
874,USA,1997-12-01,102.1234
875,USA,1998-01-01,102.2726
876,USA,1998-02-01,102.4322
877,USA,1998-03-01,102.4395
878,USA,1998-04-01,102.4186
879,USA,1998-05-01,102.3218
880,USA,1998-06-01,102.2055
881,USA,1998-07-01,102.0724
882,USA,1998-08-01,101.8845
883,USA,1998-09-01,101.6493
884,USA,1998-10-01,101.5164
885,USA,1998-11-01,101.6077
886,USA,1998-12-01,101.7473
887,USA,1999-01-01,101.9815
888,USA,1999-02-01,102.1849
889,USA,1999-03-01,102.2194
890,USA,1999-04-01,102.2147
891,USA,1999-05-01,102.2573
892,USA,1999-06-01,102.2681
893,USA,1999-07-01,102.2139
894,USA,1999-08-01,102.1537
895,USA,1999-09-01,102.1436
896,USA,1999-10-01,102.1235
897,USA,1999-11-01,102.2387
898,USA,1999-12-01,102.3986
899,USA,2000-01-01,102.6229
900,USA,2000-02-01,102.6743
901,USA,2000-03-01,102.5956
902,USA,2000-04-01,102.5776
903,USA,2000-05-01,102.553
904,USA,2000-06-01,102.4569
905,USA,2000-07-01,102.4243
906,USA,2000-08-01,102.3904
907,USA,2000-09-01,102.34200000000001
908,USA,2000-10-01,102.236
909,USA,2000-11-01,101.9905
910,USA,2000-12-01,101.4753
911,USA,2001-01-01,100.9648
912,USA,2001-02-01,100.5916
913,USA,2001-03-01,100.4306
914,USA,2001-04-01,100.3983
915,USA,2001-05-01,100.5183
916,USA,2001-06-01,100.5954
917,USA,2001-07-01,100.5114
918,USA,2001-08-01,100.2171
919,USA,2001-09-01,99.7931
920,USA,2001-10-01,99.64021
921,USA,2001-11-01,99.78441
922,USA,2001-12-01,100.1334
923,USA,2002-01-01,100.4708
924,USA,2002-02-01,100.67299999999999
925,USA,2002-03-01,100.8558
926,USA,2002-04-01,100.9073
927,USA,2002-05-01,100.8818
928,USA,2002-06-01,100.6371
929,USA,2002-07-01,100.3095
930,USA,2002-08-01,100.0395
931,USA,2002-09-01,99.80328
932,USA,2002-10-01,99.62495
933,USA,2002-11-01,99.63964
934,USA,2002-12-01,99.63716
935,USA,2003-01-01,99.46276999999999
936,USA,2003-02-01,99.30809
937,USA,2003-03-01,99.38935
938,USA,2003-04-01,99.81353
939,USA,2003-05-01,100.2317
940,USA,2003-06-01,100.3843
941,USA,2003-07-01,100.3865
942,USA,2003-08-01,100.2992
943,USA,2003-09-01,100.2645
944,USA,2003-10-01,100.4095
945,USA,2003-11-01,100.6951
946,USA,2003-12-01,100.9915
947,USA,2004-01-01,101.2646
948,USA,2004-02-01,101.1535
949,USA,2004-03-01,100.9895
950,USA,2004-04-01,100.8222
951,USA,2004-05-01,100.7456
952,USA,2004-06-01,100.8804
953,USA,2004-07-01,100.9893
954,USA,2004-08-01,100.9652
955,USA,2004-09-01,100.8489
956,USA,2004-10-01,100.7617
957,USA,2004-11-01,100.8245
958,USA,2004-12-01,100.9572
959,USA,2005-01-01,100.9428
960,USA,2005-02-01,100.7906
961,USA,2005-03-01,100.5662
962,USA,2005-04-01,100.382
963,USA,2005-05-01,100.4484
964,USA,2005-06-01,100.6931
965,USA,2005-07-01,100.6016
966,USA,2005-08-01,100.0234
967,USA,2005-09-01,99.3206
968,USA,2005-10-01,99.09252
969,USA,2005-11-01,99.4705
970,USA,2005-12-01,100.0345
971,USA,2006-01-01,100.289
972,USA,2006-02-01,100.2414
973,USA,2006-03-01,100.113
974,USA,2006-04-01,99.86703
975,USA,2006-05-01,99.59135
976,USA,2006-06-01,99.57105
977,USA,2006-07-01,99.6064
978,USA,2006-08-01,99.70246
979,USA,2006-09-01,100.0107
980,USA,2006-10-01,100.4211
981,USA,2006-11-01,100.6469
982,USA,2006-12-01,100.7598
983,USA,2007-01-01,100.791
984,USA,2007-02-01,100.573
985,USA,2007-03-01,100.3073
986,USA,2007-04-01,100.1372
987,USA,2007-05-01,100.0783
988,USA,2007-06-01,100.0385
989,USA,2007-07-01,100.0159
990,USA,2007-08-01,99.79194
991,USA,2007-09-01,99.5426
992,USA,2007-10-01,99.25478000000001
993,USA,2007-11-01,98.97546
994,USA,2007-12-01,98.81111
995,USA,2008-01-01,98.65314000000001
996,USA,2008-02-01,98.27296
997,USA,2008-03-01,97.81461
998,USA,2008-04-01,97.29796999999999
999,USA,2008-05-01,96.92702
1000,USA,2008-06-01,96.81036999999999
1001,USA,2008-07-01,97.00901
1002,USA,2008-08-01,97.26066999999999
1003,USA,2008-09-01,97.33504
1004,USA,2008-10-01,96.98988
1005,USA,2008-11-01,96.73891
1006,USA,2008-12-01,96.73161
1007,USA,2009-01-01,96.73866
1008,USA,2009-02-01,96.7132
1009,USA,2009-03-01,96.91068
1010,USA,2009-04-01,97.34891999999999
1011,USA,2009-05-01,97.72601
1012,USA,2009-06-01,97.88213
1013,USA,2009-07-01,97.83791
1014,USA,2009-08-01,97.88064
1015,USA,2009-09-01,98.05455
1016,USA,2009-10-01,98.08353000000001
1017,USA,2009-11-01,98.09725999999999
1018,USA,2009-12-01,98.26754
1019,USA,2010-01-01,98.42538
1020,USA,2010-02-01,98.47919
1021,USA,2010-03-01,98.47617
1022,USA,2010-04-01,98.45622
1023,USA,2010-05-01,98.45498
1024,USA,2010-06-01,98.36216999999999
1025,USA,2010-07-01,98.08443
1026,USA,2010-08-01,97.91504
1027,USA,2010-09-01,97.86544
1028,USA,2010-10-01,97.96155
1029,USA,2010-11-01,98.21261
1030,USA,2010-12-01,98.45736
1031,USA,2011-01-01,98.56299999999999
1032,USA,2011-02-01,98.51514
1033,USA,2011-03-01,98.27747
1034,USA,2011-04-01,98.22049
1035,USA,2011-05-01,98.20517
1036,USA,2011-06-01,97.9054
1037,USA,2011-07-01,97.34254
1038,USA,2011-08-01,96.86211
1039,USA,2011-09-01,96.79656
1040,USA,2011-10-01,97.02258
1041,USA,2011-11-01,97.45355
1042,USA,2011-12-01,97.98665
1043,USA,2012-01-01,98.44112
1044,USA,2012-02-01,98.6945
1045,USA,2012-03-01,98.8166
1046,USA,2012-04-01,98.85081
1047,USA,2012-05-01,98.79585
1048,USA,2012-06-01,98.59458000000001
1049,USA,2012-07-01,98.52365999999999
1050,USA,2012-08-01,98.69089
1051,USA,2012-09-01,99.00227
1052,USA,2012-10-01,99.22556
1053,USA,2012-11-01,99.14050999999999
1054,USA,2012-12-01,98.81174
1055,USA,2013-01-01,98.68534
1056,USA,2013-02-01,98.78674000000001
1057,USA,2013-03-01,98.95097
1058,USA,2013-04-01,99.15982
1059,USA,2013-05-01,99.49295
1060,USA,2013-06-01,99.66518
1061,USA,2013-07-01,99.62807
1062,USA,2013-08-01,99.35149
1063,USA,2013-09-01,98.97622
1064,USA,2013-10-01,98.74421
1065,USA,2013-11-01,98.84316
1066,USA,2013-12-01,99.14227
1067,USA,2014-01-01,99.31254
1068,USA,2014-02-01,99.38157
1069,USA,2014-03-01,99.41334
1070,USA,2014-04-01,99.48527
1071,USA,2014-05-01,99.47185999999999
1072,USA,2014-06-01,99.44583
1073,USA,2014-07-01,99.43777
1074,USA,2014-08-01,99.53126999999999
1075,USA,2014-09-01,99.73258
1076,USA,2014-10-01,100.0156
1077,USA,2014-11-01,100.3629
1078,USA,2014-12-01,100.7479
1079,USA,2015-01-01,101.0073
1080,USA,2015-02-01,101.0096
1081,USA,2015-03-01,100.9148
1082,USA,2015-04-01,100.8611
1083,USA,2015-05-01,100.7822
1084,USA,2015-06-01,100.796
1085,USA,2015-07-01,100.6834
1086,USA,2015-08-01,100.4974
1087,USA,2015-09-01,100.3298
1088,USA,2015-10-01,100.3585
1089,USA,2015-11-01,100.4729
1090,USA,2015-12-01,100.5682
1091,USA,2016-01-01,100.581
1092,USA,2016-02-01,100.5444
1093,USA,2016-03-01,100.5052
1094,USA,2016-04-01,100.5269
1095,USA,2016-05-01,100.647
1096,USA,2016-06-01,100.6254
1097,USA,2016-07-01,100.4814
1098,USA,2016-08-01,100.3774
1099,USA,2016-09-01,100.3586
1100,USA,2016-10-01,100.4341
1101,USA,2016-11-01,100.7572
1102,USA,2016-12-01,101.0884
1103,USA,2017-01-01,101.2339
1104,USA,2017-02-01,101.2218
1105,USA,2017-03-01,101.1918
1106,USA,2017-04-01,101.1529
1107,USA,2017-05-01,101.0831
1108,USA,2017-06-01,100.9792
1109,USA,2017-07-01,100.939
1110,USA,2017-08-01,101.0336
1111,USA,2017-09-01,101.1522
1112,USA,2017-10-01,101.29899999999999
1113,USA,2017-11-01,101.2793
1114,USA,2017-12-01,101.1983
1115,USA,2018-01-01,101.227
1116,USA,2018-02-01,101.3835
1117,USA,2018-03-01,101.4807
1118,USA,2018-04-01,101.4318
1119,USA,2018-05-01,101.3493
1120,USA,2018-06-01,101.2936
1121,USA,2018-07-01,101.2634
1122,USA,2018-08-01,101.2742
1123,USA,2018-09-01,101.3542
1124,USA,2018-10-01,101.3371
1125,USA,2018-11-01,101.2323
1126,USA,2018-12-01,101.0688
1127,USA,2019-01-01,100.8731
1128,USA,2019-02-01,100.9249
1129,USA,2019-03-01,101.1339
1130,USA,2019-04-01,101.2874
1131,USA,2019-05-01,101.3727
1132,USA,2019-06-01,101.2848
1133,USA,2019-07-01,101.0642
1134,USA,2019-08-01,100.7776
1135,USA,2019-09-01,100.7607
1136,USA,2019-10-01,100.9132
1137,USA,2019-11-01,101.1073
1138,CHN,1990-01-01,98.98213
1139,CHN,1990-02-01,99.03354
1140,CHN,1990-03-01,99.11041
1141,CHN,1990-04-01,99.21223
1142,CHN,1990-05-01,99.30804
1143,CHN,1990-06-01,99.3431
1144,CHN,1990-07-01,99.2878
1145,CHN,1990-08-01,99.175
1146,CHN,1990-09-01,99.08292
1147,CHN,1990-10-01,99.10324
1148,CHN,1990-11-01,99.28851999999999
1149,CHN,1990-12-01,99.63181
1150,CHN,1991-01-01,100.0623
1151,CHN,1991-02-01,100.4638
1152,CHN,1991-03-01,100.7146
1153,CHN,1991-04-01,100.7562
1154,CHN,1991-05-01,100.5958
1155,CHN,1991-06-01,100.3008
1156,CHN,1991-07-01,99.97839
1157,CHN,1991-08-01,99.70885
1158,CHN,1991-09-01,99.54224
1159,CHN,1991-10-01,99.47858000000001
1160,CHN,1991-11-01,99.48969
1161,CHN,1991-12-01,99.54674
1162,CHN,1992-01-01,99.6453
1163,CHN,1992-02-01,99.8206
1164,CHN,1992-03-01,100.1214
1165,CHN,1992-04-01,100.5793
1166,CHN,1992-05-01,101.1613
1167,CHN,1992-06-01,101.7821
1168,CHN,1992-07-01,102.3373
1169,CHN,1992-08-01,102.7697
1170,CHN,1992-09-01,103.0571
1171,CHN,1992-10-01,103.2139
1172,CHN,1992-11-01,103.2928
1173,CHN,1992-12-01,103.3372
1174,CHN,1993-01-01,103.3739
1175,CHN,1993-02-01,103.4056
1176,CHN,1993-03-01,103.4458
1177,CHN,1993-04-01,103.524
1178,CHN,1993-05-01,103.6813
1179,CHN,1993-06-01,103.9283
1180,CHN,1993-07-01,104.1969
1181,CHN,1993-08-01,104.3818
1182,CHN,1993-09-01,104.3622
1183,CHN,1993-10-01,104.0697
1184,CHN,1993-11-01,103.5079
1185,CHN,1993-12-01,102.7555
1186,CHN,1994-01-01,101.9494
1187,CHN,1994-02-01,101.2052
1188,CHN,1994-03-01,100.5904
1189,CHN,1994-04-01,100.1099
1190,CHN,1994-05-01,99.74088
1191,CHN,1994-06-01,99.48017
1192,CHN,1994-07-01,99.35083
1193,CHN,1994-08-01,99.3737
1194,CHN,1994-09-01,99.55194
1195,CHN,1994-10-01,99.88444
1196,CHN,1994-11-01,100.3322
1197,CHN,1994-12-01,100.8475
1198,CHN,1995-01-01,101.397
1199,CHN,1995-02-01,101.9158
1200,CHN,1995-03-01,102.3378
1201,CHN,1995-04-01,102.6188
1202,CHN,1995-05-01,102.7129
1203,CHN,1995-06-01,102.6169
1204,CHN,1995-07-01,102.3849
1205,CHN,1995-08-01,102.1156
1206,CHN,1995-09-01,101.8948
1207,CHN,1995-10-01,101.7753
1208,CHN,1995-11-01,101.7811
1209,CHN,1995-12-01,101.8816
1210,CHN,1996-01-01,102.0222
1211,CHN,1996-02-01,102.1325
1212,CHN,1996-03-01,102.1663
1213,CHN,1996-04-01,102.1361
1214,CHN,1996-05-01,102.0795
1215,CHN,1996-06-01,102.0164
1216,CHN,1996-07-01,101.9705
1217,CHN,1996-08-01,101.9229
1218,CHN,1996-09-01,101.8945
1219,CHN,1996-10-01,101.8492
1220,CHN,1996-11-01,101.6855
1221,CHN,1996-12-01,101.2461
1222,CHN,1997-01-01,100.5179
1223,CHN,1997-02-01,99.99858
1224,CHN,1997-03-01,99.76084
1225,CHN,1997-04-01,99.75471
1226,CHN,1997-05-01,99.9005
1227,CHN,1997-06-01,100.095
1228,CHN,1997-07-01,100.2464
1229,CHN,1997-08-01,100.2972
1230,CHN,1997-09-01,100.2535
1231,CHN,1997-10-01,100.1701
1232,CHN,1997-11-01,100.1224
1233,CHN,1997-12-01,100.1446
1234,CHN,1998-01-01,100.1329
1235,CHN,1998-02-01,99.7872
1236,CHN,1998-03-01,99.23775
1237,CHN,1998-04-01,98.77577
1238,CHN,1998-05-01,98.31761
1239,CHN,1998-06-01,97.86674000000001
1240,CHN,1998-07-01,97.57394000000001
1241,CHN,1998-08-01,97.64545
1242,CHN,1998-09-01,97.83995
1243,CHN,1998-10-01,98.04817
1244,CHN,1998-11-01,98.17078000000001
1245,CHN,1998-12-01,98.34432
1246,CHN,1999-01-01,98.52914
1247,CHN,1999-02-01,98.62531
1248,CHN,1999-03-01,98.64953
1249,CHN,1999-04-01,98.7114
1250,CHN,1999-05-01,98.84442
1251,CHN,1999-06-01,98.98031999999999
1252,CHN,1999-07-01,99.06926999999999
1253,CHN,1999-08-01,99.23344
1254,CHN,1999-09-01,99.35239
1255,CHN,1999-10-01,99.44162
1256,CHN,1999-11-01,99.56978000000001
1257,CHN,1999-12-01,99.73326999999999
1258,CHN,2000-01-01,99.8366
1259,CHN,2000-02-01,99.92685999999999
1260,CHN,2000-03-01,100.0181
1261,CHN,2000-04-01,100.1093
1262,CHN,2000-05-01,100.2024
1263,CHN,2000-06-01,100.2824
1264,CHN,2000-07-01,100.3699
1265,CHN,2000-08-01,100.4769
1266,CHN,2000-09-01,100.5915
1267,CHN,2000-10-01,100.6796
1268,CHN,2000-11-01,100.7513
1269,CHN,2000-12-01,100.809
1270,CHN,2001-01-01,100.8478
1271,CHN,2001-02-01,100.8702
1272,CHN,2001-03-01,100.92
1273,CHN,2001-04-01,100.98700000000001
1274,CHN,2001-05-01,101.0299
1275,CHN,2001-06-01,101.09
1276,CHN,2001-07-01,101.1401
1277,CHN,2001-08-01,101.0962
1278,CHN,2001-09-01,101.0215
1279,CHN,2001-10-01,100.9522
1280,CHN,2001-11-01,100.9006
1281,CHN,2001-12-01,100.8881
1282,CHN,2002-01-01,100.8881
1283,CHN,2002-02-01,100.911
1284,CHN,2002-03-01,100.9314
1285,CHN,2002-04-01,100.9382
1286,CHN,2002-05-01,100.9502
1287,CHN,2002-06-01,100.9728
1288,CHN,2002-07-01,100.9864
1289,CHN,2002-08-01,100.9958
1290,CHN,2002-09-01,101.0169
1291,CHN,2002-10-01,101.0668
1292,CHN,2002-11-01,101.1436
1293,CHN,2002-12-01,101.2118
1294,CHN,2003-01-01,101.1982
1295,CHN,2003-02-01,100.8876
1296,CHN,2003-03-01,100.0086
1297,CHN,2003-04-01,98.58051999999999
1298,CHN,2003-05-01,97.72009
1299,CHN,2003-06-01,97.84947
1300,CHN,2003-07-01,98.47153
1301,CHN,2003-08-01,99.08952
1302,CHN,2003-09-01,99.52573000000001
1303,CHN,2003-10-01,99.84608
1304,CHN,2003-11-01,100.0686
1305,CHN,2003-12-01,100.2413
1306,CHN,2004-01-01,100.3276
1307,CHN,2004-02-01,100.3237
1308,CHN,2004-03-01,100.2081
1309,CHN,2004-04-01,99.87312
1310,CHN,2004-05-01,99.31322
1311,CHN,2004-06-01,98.81487
1312,CHN,2004-07-01,98.64838
1313,CHN,2004-08-01,98.66176999999999
1314,CHN,2004-09-01,98.80897
1315,CHN,2004-10-01,99.02799
1316,CHN,2004-11-01,99.27457
1317,CHN,2004-12-01,99.48402
1318,CHN,2005-01-01,99.65026999999999
1319,CHN,2005-02-01,99.79729
1320,CHN,2005-03-01,99.92142
1321,CHN,2005-04-01,99.98898
1322,CHN,2005-05-01,99.99311999999999
1323,CHN,2005-06-01,99.99473
1324,CHN,2005-07-01,99.9736
1325,CHN,2005-08-01,99.93539
1326,CHN,2005-09-01,99.86034000000001
1327,CHN,2005-10-01,99.77773
1328,CHN,2005-11-01,99.7685
1329,CHN,2005-12-01,99.8308
1330,CHN,2006-01-01,99.85311999999999
1331,CHN,2006-02-01,99.80513
1332,CHN,2006-03-01,99.78779
1333,CHN,2006-04-01,99.75572
1334,CHN,2006-05-01,99.75159000000001
1335,CHN,2006-06-01,99.79351
1336,CHN,2006-07-01,99.87912
1337,CHN,2006-08-01,100.0522
1338,CHN,2006-09-01,100.281
1339,CHN,2006-10-01,100.4514
1340,CHN,2006-11-01,100.5939
1341,CHN,2006-12-01,100.6773
1342,CHN,2007-01-01,100.6107
1343,CHN,2007-02-01,100.493
1344,CHN,2007-03-01,100.4481
1345,CHN,2007-04-01,100.5759
1346,CHN,2007-05-01,100.7516
1347,CHN,2007-06-01,100.8881
1348,CHN,2007-07-01,100.9127
1349,CHN,2007-08-01,100.9124
1350,CHN,2007-09-01,100.8493
1351,CHN,2007-10-01,100.7559
1352,CHN,2007-11-01,100.6754
1353,CHN,2007-12-01,100.5958
1354,CHN,2008-01-01,100.3642
1355,CHN,2008-02-01,100.0986
1356,CHN,2008-03-01,99.95022
1357,CHN,2008-04-01,99.87593000000001
1358,CHN,2008-05-01,99.88152
1359,CHN,2008-06-01,99.90025
1360,CHN,2008-07-01,99.88868000000001
1361,CHN,2008-08-01,99.7573
1362,CHN,2008-09-01,99.49781
1363,CHN,2008-10-01,99.03233
1364,CHN,2008-11-01,98.35716
1365,CHN,2008-12-01,97.67535
1366,CHN,2009-01-01,97.24709
1367,CHN,2009-02-01,97.02953000000001
1368,CHN,2009-03-01,96.93816
1369,CHN,2009-04-01,96.97140999999999
1370,CHN,2009-05-01,97.08485
1371,CHN,2009-06-01,97.22010999999999
1372,CHN,2009-07-01,97.40833
1373,CHN,2009-08-01,97.57298
1374,CHN,2009-09-01,97.68271
1375,CHN,2009-10-01,97.77266999999999
1376,CHN,2009-11-01,97.86586
1377,CHN,2009-12-01,98.00716
1378,CHN,2010-01-01,98.20115
1379,CHN,2010-02-01,98.45683000000001
1380,CHN,2010-03-01,98.84170999999999
1381,CHN,2010-04-01,99.07109
1382,CHN,2010-05-01,99.27039
1383,CHN,2010-06-01,99.34267
1384,CHN,2010-07-01,99.20349
1385,CHN,2010-08-01,98.86362
1386,CHN,2010-09-01,98.35113
1387,CHN,2010-10-01,97.89631999999999
1388,CHN,2010-11-01,97.45193
1389,CHN,2010-12-01,97.05501
1390,CHN,2011-01-01,96.99217
1391,CHN,2011-02-01,97.42145
1392,CHN,2011-03-01,98.28001
1393,CHN,2011-04-01,98.76194
1394,CHN,2011-05-01,98.94012
1395,CHN,2011-06-01,98.97426999999999
1396,CHN,2011-07-01,98.68468
1397,CHN,2011-08-01,98.23164
1398,CHN,2011-09-01,97.6198
1399,CHN,2011-10-01,96.9789
1400,CHN,2011-11-01,96.66634
1401,CHN,2011-12-01,97.00974000000001
1402,CHN,2012-01-01,97.55299000000001
1403,CHN,2012-02-01,97.77592
1404,CHN,2012-03-01,97.61697
1405,CHN,2012-04-01,97.5913
1406,CHN,2012-05-01,97.39949
1407,CHN,2012-06-01,96.88335
1408,CHN,2012-07-01,96.58981999999999
1409,CHN,2012-08-01,96.76778
1410,CHN,2012-09-01,97.32056
1411,CHN,2012-10-01,97.99999
1412,CHN,2012-11-01,98.28777
1413,CHN,2012-12-01,98.35934
1414,CHN,2013-01-01,98.48603
1415,CHN,2013-02-01,98.5294
1416,CHN,2013-03-01,98.06264
1417,CHN,2013-04-01,97.47434
1418,CHN,2013-05-01,96.69903000000001
1419,CHN,2013-06-01,96.14644
1420,CHN,2013-07-01,96.01958
1421,CHN,2013-08-01,96.24718
1422,CHN,2013-09-01,96.67260999999999
1423,CHN,2013-10-01,97.01221
1424,CHN,2013-11-01,97.05015
1425,CHN,2013-12-01,97.25983000000001
1426,CHN,2014-01-01,97.52586
1427,CHN,2014-02-01,97.98846999999999
1428,CHN,2014-03-01,98.40549
1429,CHN,2014-04-01,98.30981
1430,CHN,2014-05-01,98.08067
1431,CHN,2014-06-01,98.07817
1432,CHN,2014-07-01,98.09721
1433,CHN,2014-08-01,98.11416
1434,CHN,2014-09-01,98.17484
1435,CHN,2014-10-01,98.19144
1436,CHN,2014-11-01,98.37807
1437,CHN,2014-12-01,98.61392
1438,CHN,2015-01-01,98.9078
1439,CHN,2015-02-01,99.25532
1440,CHN,2015-03-01,99.31399
1441,CHN,2015-04-01,99.32695
1442,CHN,2015-05-01,99.22717
1443,CHN,2015-06-01,98.77944000000001
1444,CHN,2015-07-01,98.3934
1445,CHN,2015-08-01,98.21932
1446,CHN,2015-09-01,98.20549
1447,CHN,2015-10-01,98.12347
1448,CHN,2015-11-01,98.07806
1449,CHN,2015-12-01,98.03116
1450,CHN,2016-01-01,97.94022
1451,CHN,2016-02-01,97.6811
1452,CHN,2016-03-01,97.23206
1453,CHN,2016-04-01,97.05688
1454,CHN,2016-05-01,97.18961999999999
1455,CHN,2016-06-01,97.71992
1456,CHN,2016-07-01,98.2881
1457,CHN,2016-08-01,98.51614000000001
1458,CHN,2016-09-01,98.64867
1459,CHN,2016-10-01,98.95284000000001
1460,CHN,2016-11-01,99.27584
1461,CHN,2016-12-01,99.54675999999999
1462,CHN,2017-01-01,99.88775
1463,CHN,2017-02-01,100.281
1464,CHN,2017-03-01,100.4761
1465,CHN,2017-04-01,100.6504
1466,CHN,2017-05-01,100.7183
1467,CHN,2017-06-01,100.9012
1468,CHN,2017-07-01,101.225
1469,CHN,2017-08-01,101.7406
1470,CHN,2017-09-01,102.6033
1471,CHN,2017-10-01,103.4016
1472,CHN,2017-11-01,103.6906
1473,CHN,2017-12-01,103.8364
1474,CHN,2018-01-01,103.9214
1475,CHN,2018-02-01,104.0011
1476,CHN,2018-03-01,103.9264
1477,CHN,2018-04-01,103.7908
1478,CHN,2018-05-01,103.4782
1479,CHN,2018-06-01,102.9846
1480,CHN,2018-07-01,102.7301
1481,CHN,2018-08-01,102.5961
1482,CHN,2018-09-01,102.6444
1483,CHN,2018-10-01,102.941
1484,CHN,2018-11-01,103.4461
1485,CHN,2018-12-01,103.9033
1486,CHN,2019-01-01,104.2647
1487,CHN,2019-02-01,104.5131
1488,CHN,2019-03-01,104.5171
1489,CHN,2019-04-01,104.4965
1490,CHN,2019-05-01,104.4286
1491,CHN,2019-06-01,104.4412
1492,CHN,2019-07-01,104.2914
1493,CHN,2019-08-01,104.12799999999999
1494,CHN,2019-09-01,104.1761
1495,CHN,2019-10-01,104.2805
