Date,CCI Value,Spread,Value of Copper,NBER_Rec
1970-12-31,98.74387,1.3908198143647788,1029.989309090909,0.0
1971-01-31,98.92701,1.6872361470234258,1000.5609000000001,0.0
1971-02-28,99.06342,2.3231939556911447,1034.4474,0.0
1971-03-31,99.16283,2.243523807015607,1160.5497391304348,0.0
1971-04-30,99.24342,1.8778266553039464,1240.6840761904766,0.0
1971-05-31,99.31329000000001,2.148108606567731,1124.4256999999998,0.0
1971-06-30,99.37062,1.6454999261971874,1091.9617818181816,0.0
1971-07-31,99.40685,1.1792320170324944,1135.532285714286,0.0
1971-08-31,99.42241999999999,1.5080543767928738,1108.9368000000002,0.0
1971-09-30,99.4637,1.3278112770818256,1076.5490476190475,0.0
1971-10-31,99.60351,1.3564943611504583,1056.934,0.0
1971-11-30,99.89603000000001,1.4852558823314703,1018.6226800000001,0.0
1971-12-31,100.2331,1.8226720824894789,1045.1368,0.0
1972-01-31,100.4671,2.493523807015607,1086.257142857143,0.0
1972-02-29,100.4896,2.8090975893897308,1112.77756,0.0
1972-03-31,100.4121,2.25219787288874,1162.4000952380952,0.0
1972-04-30,100.3828,2.392862455376658,1137.17584,0.0
1972-05-31,100.5019,2.353524928773132,1113.1201818181817,0.0
1972-06-30,100.6896,2.106121668075498,1068.1686,0.0
1972-07-31,100.8212,2.03371250542261,1063.72,0.0
1972-08-31,100.7926,2.0923242179278434,1078.4938608695652,0.0
1972-09-30,100.64299999999999,1.768959780121059,1088.776,0.0
1972-10-31,100.4103,1.6158864798392747,1058.1954999999998,0.0
1972-11-30,100.1078,1.3743370761495433,1031.43894,0.0
1972-12-31,99.78336999999999,1.1528493585712225,1065.2164,0.0
1973-01-31,99.48389,0.8988102971497165,1156.4702857142856,0.0
1973-02-28,99.24095,0.8806960755584612,1266.0878000000002,0.0
1973-03-31,99.03194,0.43887796893342296,1459.7492727272727,0.0
1973-04-30,98.83447,0.22100741342024927,1548.24388,0.0
1973-05-31,98.64689,0.29630509829695306,1505.983181818182,0.0
1973-06-30,98.49733,-0.5248048773104292,1671.251219047619,0.0
1973-07-31,98.4389,-1.1590832123418933,1900.635142857143,0.0
1973-08-31,98.50697,-1.5873826468581012,1930.2057043478258,0.0
1973-09-30,98.58525999999999,-1.4950408036632084,1741.2760000000003,0.0
1973-10-31,98.51086,-0.6663604993127343,1943.0359047619047,0.0
1973-11-30,98.16905,-1.3690504561534151,2154.7846799999998,0.0
1973-12-31,97.74072,-0.9584489858317956,2028.7124000000001,1.0
1974-01-31,98.2202,-1.0457454028328037,1958.5545454545456,1.0
1974-02-28,98.25825999999999,-0.3911940457251744,2321.081377777778,1.0
1974-03-31,98.45735,-1.0262786330737024,2553.0716190476196,1.0
1974-04-30,98.61856999999999,-1.1173553947182864,2838.6680380952375,1.0
1974-05-31,98.581375,-0.9415853022333796,2657.222545454546,1.0
1974-06-30,98.39961,-0.63293111609332,2268.64332,1.0
1974-07-31,98.167075,0.006205641273243856,1914.274181818182,1.0
1974-08-31,97.95154000000001,-1.254965075669384,1767.4877818181812,1.0
1974-09-30,97.7644,-0.3019014170372269,1444.3914,1.0
1974-10-31,97.61351,0.19101891954789707,1364.8770909090906,1.0
1974-11-30,97.526215,-0.03951371777590307,1346.7664444444447,1.0
1974-12-31,97.52120500000001,0.04726170353910232,1226.7254095238095,1.0
1975-01-31,97.656615,1.0510074134202494,1162.209272727273,1.0
1975-02-28,97.9763,1.734990774517951,1221.5792444444446,1.0
1975-03-31,98.37575,2.0854173036311403,1316.2288,1.0
1975-04-30,98.73298,2.4602636639748843,1282.6879272727272,0.0
1975-05-31,98.953275,2.686319563045563,1229.8320000000003,0.0
1975-06-30,99.069665,2.3717511205421182,1173.1367238095238,0.0
1975-07-31,99.130615,1.7470400429770532,1267.0996363636366,0.0
1975-08-31,99.15556,1.7625045038736131,1307.0979428571427,0.0
1975-09-30,99.19242,1.8134578823338063,1262.9969523809523,0.0
1975-10-31,99.305755,2.0047919038040884,1214.404,0.0
1975-11-30,99.54120999999999,2.4158432982210245,1203.4877176470588,0.0
1975-12-31,99.83033,2.407541932169477,1188.480761904762,0.0
1976-01-31,100.06794000000001,2.74081981436478,1231.6161904761907,0.0
1976-02-29,100.16942,2.7804263481299314,1255.468,0.0
1976-03-31,100.19572,2.5956632437754963,1363.2219130434783,0.0
1976-04-30,100.23409,2.571212748616756,1534.8446095238098,0.0
1976-05-31,100.33975500000001,2.557554297037729,1538.9430000000002,0.0
1976-06-30,100.465,2.298810297149717,1563.6378181818181,0.0
1976-07-31,100.54145,2.4563195630455628,1669.582476190476,0.0
1976-08-31,100.51965,2.4900093661365763,1536.1278909090909,0.0
1976-09-30,100.4437,2.372445244095569,1480.6681904761904,0.0
1976-10-31,100.3708,2.3588471625448504,1297.4213333333335,0.0
1976-11-30,100.34675,2.415499926197188,1293.2410799999998,0.0
1976-12-31,100.3651,2.410547941742747,1315.2422476190477,0.0
1977-01-31,100.4131,2.4704836819321647,1426.6177142857143,0.0
1977-02-28,100.47295,2.598577476955043,1448.0976,0.0
1977-03-31,100.5211,2.7412424468964125,1550.0827826086954,0.0
1977-04-30,100.5415,2.7135060019344217,1452.1274400000002,0.0
1977-05-31,100.53475,2.367259461965353,1408.985714285714,0.0
1977-06-30,100.52795,2.124861939758908,1335.1631636363636,0.0
1977-07-31,100.5117,1.9979648083144124,1266.7199999999996,0.0
1977-08-31,100.4643,1.7554173036311402,1179.5424695652173,0.0
1977-09-30,100.40353499999999,1.3615030239948993,1236.5489523809524,0.0
1977-10-31,100.35429,1.1756559584462956,1247.5689523809524,0.0
1977-11-30,100.33104,1.298419293043569,1216.6289904761904,0.0
1977-12-31,100.328775,1.4397937097628244,1300.4229714285716,0.0
1978-01-31,100.324215,1.3225045038736123,1305.4292,0.0
1978-02-28,100.272615,1.3820270069931837,1258.4840000000002,0.0
1978-03-31,100.17201999999999,1.5596023666287389,1307.673272727273,0.0
1978-04-30,100.1676,1.66960236662874,1321.09964,0.0
1978-05-31,100.18874,1.7439337639965782,1349.2487272727274,0.0
1978-06-30,100.17071999999999,1.5184383160527837,1351.2323272727276,0.0
1978-07-31,100.16166,1.4044265370061562,1368.8493,0.0
1978-08-31,100.10282,1.1008573775332549,1424.502695652174,0.0
1978-09-30,100.04961999999999,0.2998435057877629,1455.9073000000003,0.0
1978-10-31,99.884465,0.3720402541213659,1506.4340000000002,0.0
1978-11-30,99.58614,-0.1455900875112448,1458.5741400000002,0.0
1978-12-31,99.305265,-0.4123755690327897,1507.29356,0.0
1979-01-31,99.265015,-0.6093386326554135,1624.5984545454542,0.0
1979-02-28,99.250965,-0.5774340376674036,1905.5203999999997,0.0
1979-03-31,99.12038000000001,-0.7276491661856976,2034.5925454545454,0.0
1979-04-30,98.97944,-0.6463645609995029,2040.2207600000002,0.0
1979-05-31,98.865825,-0.7360528636041792,1870.6950909090913,0.0
1979-06-30,98.69257,-0.491134993236777,1833.2032380952387,0.0
1979-07-31,98.529515,-0.6423793401207547,1799.4610476190476,0.0
1979-08-31,98.51193,-0.8602249920873657,1935.830695652174,0.0
1979-09-30,98.496925,-1.3494721091508255,2043.1660000000002,0.0
1979-10-31,98.392365,-1.9240255558131736,2077.030434782608,0.0
1979-11-30,98.323125,-1.6709449622370691,2141.0390666666667,0.0
1979-12-31,98.28734,-2.2004041787329687,2224.7408,0.0
1980-01-31,98.28014499999999,-1.7472671020969397,2625.7654545454543,0.0
1980-02-29,98.084305,-1.0667012329118728,2870.159,1.0
1980-03-31,97.67092,-3.276900233412679,2200.431619047619,1.0
1980-04-30,97.36064,-2.375305010517604,1980.640342857143,1.0
1980-05-31,97.33046,1.2879802448776552,1998.7131428571433,1.0
1980-06-30,97.60024,2.48136888046174,1933.6951428571429,1.0
1980-07-31,97.99943499999999,1.908098582962774,2180.056545454546,1.0
1980-08-31,98.44655,1.6245133735029866,2060.561580952381,0.0
1980-09-30,98.8167,0.8198416303464704,2102.6159999999995,0.0
1980-10-31,98.957735,-0.3879131134564169,2097.585130434783,0.0
1980-11-30,98.84354,-1.7412022997032857,2036.3123333333335,0.0
1980-12-31,98.547655,-3.5051372793788778,1865.7174857142857,0.0
1981-01-31,98.41338,-3.2596177249677907,1900.6876190476191,0.0
1981-02-28,98.30636,-2.3878059225875354,1805.7835999999998,0.0
1981-03-31,98.335595,-0.8989925092513165,1853.614090909091,0.0
1981-04-30,98.530535,-0.6976825886705509,1832.4895619047622,0.0
1981-05-31,98.71303,-3.1365840303389394,1797.6375000000003,0.0
1981-06-30,98.753265,-2.042165903962454,1725.671890909091,0.0
1981-07-31,98.761015,-1.4729471370153482,1731.9432727272724,0.0
1981-08-31,98.72023,-1.4271025618563815,1795.0950285714287,1.0
1981-09-30,98.53612,-0.15935364935390872,1765.5614285714287,1.0
1981-10-31,98.26988,0.9354351691476008,1686.06,1.0
1981-11-30,98.035975,2.068369027074919,1631.0481599999998,1.0
1981-12-31,98.032455,2.4090880867343683,1629.0365090909092,1.0
1982-01-31,98.14699499999999,1.7405843041156432,1614.8156999999997,1.0
1982-02-28,98.117205,0.28064641512516,1588.5736000000004,1.0
1982-03-31,98.06235,0.5781769448076286,1519.1309565217393,1.0
1982-04-30,98.12048,0.5665328619028056,1532.1368380952379,1.0
1982-05-31,98.17015500000001,0.9756618216546152,1560.1564999999998,1.0
1982-06-30,98.1402,1.2453033867839114,1291.383709090909,1.0
1982-07-31,98.098775,2.102451658199195,1420.163142857143,1.0
1982-08-31,98.14038000000001,4.062018737794704,1380.094709090909,1.0
1982-09-30,98.2885,4.1459552235759904,1410.5600000000002,1.0
1982-10-31,98.444355,2.9375400662749778,1433.7544761904762,1.0
1982-11-30,98.50277,2.1975333065083484,1418.3291000000004,1.0
1982-12-31,98.5394,2.324839384694929,1477.813485714286,0.0
1983-01-31,98.67831,2.329289670265389,1621.8816190476189,0.0
1983-02-28,99.03911,2.3252667475658644,1678.7751999999996,0.0
1983-03-31,99.57114,1.861484031708152,1635.8950434782607,0.0
1983-04-30,100.09655,1.8995621635559523,1681.97158,0.0
1983-05-31,100.42555,1.90070744589872,1759.4217142857146,0.0
1983-06-30,100.5277,1.73539780131369,1663.328745454546,0.0
1983-07-31,100.50945,1.9576244309672115,1700.7717,0.0
1983-08-31,100.4262,2.1512967829926897,1635.5213217391306,0.0
1983-09-30,100.35825,2.312573548222052,1587.5097142857142,0.0
1983-10-31,100.38165,2.584409912488754,1442.3605714285716,0.0
1983-11-30,100.5481,2.607210088731476,1385.9486666666664,0.0
1983-12-31,100.81075,2.4925735482220506,1424.046380952381,0.0
1984-01-31,101.05585,2.438710518015011,1391.2487619047615,0.0
1984-02-29,101.13475,2.407003318756733,1423.0677,0.0
1984-03-31,101.1271,2.4297750079126352,1514.9995454545453,0.0
1984-04-30,101.0144,2.558729283183853,1517.7074599999999,0.0
1984-05-31,100.9374,3.1895129932742687,1418.5244545454545,0.0
1984-06-30,100.8946,3.2968598731177288,1353.8437333333334,0.0
1984-07-31,100.95715,2.830077322438332,1308.9660952380952,0.0
1984-08-31,101.06635,1.8159998835856663,1318.3944695652176,0.0
1984-09-30,101.1069,1.722948511723846,1290.2099999999998,0.0
1984-10-31,101.0109,2.0354501809267376,1260.4484347826087,0.0
1984-11-30,100.9092,2.64619754268526,1319.3144000000002,0.0
1984-12-31,100.8406,3.158098582962774,1273.3899999999999,0.0
1985-01-31,100.8399,3.3548035351211443,1316.0384545454544,0.0
1985-02-28,100.8014,2.9461132144953552,1341.8416000000004,0.0
1985-03-31,100.77335,3.0315308698333108,1339.192380952381,0.0
1985-04-30,100.76635,3.2042806481926362,1409.1746285714285,0.0
1985-05-31,100.76645,3.1199531021548528,1401.5436363636363,0.0
1985-06-30,100.814,2.987464724019617,1331.73394,0.0
1985-07-31,100.781,3.0008573775332548,1353.256,0.0
1985-08-31,100.69845,2.95777699513384,1333.0393090909092,0.0
1985-09-30,100.61775,3.0398327482965097,1331.4364,0.0
1985-10-31,100.57615,2.8467458705391233,1358.1910434782608,0.0
1985-11-30,100.6628,2.3025997109319563,1341.93846,0.0
1985-12-31,100.8214,1.9298327482965103,1395.7827047619048,0.0
1986-01-31,100.95715,1.89136888046174,1452.6864545454546,0.0
1986-02-28,101.02195,1.4118798423193477,1413.3092,0.0
1986-03-31,101.0401,1.0167389919057808,1468.3048000000001,0.0
1986-04-30,101.0631,1.0602507747850842,1410.8405090909089,0.0
1986-05-31,101.0972,1.3761178571882051,1390.6190476190477,0.0
1986-06-30,101.15735,1.403338404606307,1383.6816952380952,0.0
1986-07-31,101.11175,1.300615176939492,1308.7561904761906,0.0
1986-08-31,100.98595,1.4837079796274413,1275.0874666666668,0.0
1986-09-30,100.8636,2.097143252428018,1351.6292380952384,0.0
1986-10-31,100.79885,2.1083747862990467,1315.069304347826,0.0
1986-11-30,100.67425,1.7513326049646416,1302.3552,0.0
1986-12-31,100.5669,1.4237079796274417,1326.5876,0.0
1987-01-31,100.54405,1.4979652547592837,1350.6321904761903,0.0
1987-02-28,100.57565,1.5011279521663194,1363.0812,0.0
1987-03-31,100.64275,1.5011279521663194,1403.5973636363635,0.0
1987-04-30,100.7178,2.2189632189582813,1375.8102666666664,0.0
1987-05-31,100.75965,2.7880935799806887,1450.0116000000003,0.0
1987-06-30,100.82515,2.567657957678426,1539.433890909091,0.0
1987-07-31,100.9056,2.5967851072410637,1645.1357272727275,0.0
1987-08-31,100.9151,2.541163294251456,1699.5988571428568,0.0
1987-09-30,100.79695,2.824409107336465,1750.9730476190477,0.0
1987-10-31,100.5629,3.2070400429770523,1816.2462727272725,0.0
1987-11-30,100.37544,3.006785107241063,2232.05692,0.0
1987-12-31,100.42855,3.0532722883456014,2691.845381818182,0.0
1988-01-31,100.61255,2.6915030239948994,2421.3695000000007,0.0
1988-02-29,100.78295,2.3880935799806906,2109.76798,0.0
1988-03-31,100.9013,2.5063478790235982,2142.287999999999,0.0
1988-04-30,100.93855,2.6370423484844,2123.9066399999997,0.0
1988-05-31,101.00595,2.6410074134202493,2049.5100952380953,0.0
1988-06-30,101.05885,2.2615489716238555,2299.8740000000003,0.0
1988-07-31,101.115,2.118438316052784,2096.0591,0.0
1988-08-31,101.2036,1.971879842319348,2117.3732173913045,0.0
1988-09-30,101.20885,1.5025997109319569,2282.714285714286,0.0
1988-10-31,101.1258,1.2068421209046418,2763.0288571428573,0.0
1988-11-30,101.0593,0.9348035351211444,3097.1159000000002,0.0
1988-12-31,101.0594,0.7575333065083463,3238.5156190476196,0.0
1989-01-31,101.1234,0.5261132144953553,3147.626857142857,0.0
1989-02-28,101.073,0.3309404671901959,2899.2227999999996,0.0
1989-03-31,100.9359,0.21358057900900285,3027.444454545455,0.0
1989-04-30,100.77415,0.2138129404464557,3017.79394,0.0
1989-05-31,100.67685,0.12681987587159504,2627.8191818181826,0.0
1989-06-30,100.6631,-0.1570085384029607,2418.9400909090905,0.0
1989-07-31,100.7156,-0.13181963397587282,2347.5905999999995,0.0
1989-08-31,100.7896,-0.06293111609332057,2671.1042608695657,0.0
1989-09-30,100.90385,0.17535192911126884,2747.7268000000004,0.0
1989-10-31,100.88835,0.11134837342046744,2735.063818181819,0.0
1989-11-30,100.80285,-0.08136912783238515,2450.3862095238096,0.0
1989-12-31,100.75505,-0.04810975687474617,2325.8481400000005,0.0
1990-01-31,100.16067666666667,0.3113483734204685,2276.782090909091,0.0
1990-02-28,100.15898,0.4658997791796509,2330.3356000000003,0.0
1990-03-31,100.19820333333332,0.41706888390667984,2567.459636363636,0.0
1990-04-30,100.24471,0.7542545971671952,2581.94192,0.0
1990-05-31,100.21164666666668,0.7558997791796501,2512.7603636363633,0.0
1990-06-30,100.08976666666666,0.4864470853683516,2452.936552380953,0.0
1990-07-31,99.84276,0.5924315694128408,2645.2722857142858,0.0
1990-08-31,99.42985,1.0515510141682043,2859.529709090909,1.0
1990-09-30,99.02588,1.2863154510130697,2715.0960000000005,1.0
1990-10-31,98.74550666666669,1.316229496092089,2593.197652173913,1.0
1990-11-30,98.71096666666666,1.1018798423193488,2523.496038095238,1.0
1990-12-31,98.85823333333332,1.127945186123811,2461.6128000000003,1.0
1991-01-31,99.15209666666664,1.6828732815224263,2418.7397272727267,1.0
1991-02-28,99.57411,1.7356936907668636,2417.8576,1.0
1991-03-31,100.00163,2.0270423484843985,2375.4160999999995,1.0
1991-04-30,100.11895333333332,2.228528667060249,2393.914672727273,0.0
1991-05-31,100.05767,2.456693683995275,2204.701272727273,0.0
1991-06-30,99.97135,2.551990100619471,2198.79856,0.0
1991-07-31,99.86685666666666,2.5315592938396065,2204.262380952381,0.0
1991-08-31,99.74700333333334,2.4221691022123912,2233.5636545454545,0.0
1991-09-30,99.59976,2.286731674444292,2300.425,0.0
1991-10-31,99.35854333333334,2.406063096992031,2322.8243478260874,0.0
1991-11-30,99.08492,2.7427536065717506,2311.43398,0.0
1991-12-31,98.93479,2.9205769664181176,2168.022323809524,0.0
1992-01-31,98.94010666666668,3.1398552204228403,2132.169636363636,0.0
1992-02-29,99.11097,3.4085049547608786,2217.9664000000002,0.0
1992-03-31,99.40620666666666,3.401626903185756,2236.709363636364,0.0
1992-04-30,99.70508000000001,3.6415311809864335,2215.376838095238,0.0
1992-05-31,99.97247333333333,3.6754996976422825,2221.9626,0.0
1992-06-30,100.16100666666668,3.5145146850276467,2309.050654545455,0.0
1992-07-31,100.24244666666668,3.558792401343232,2509.805,0.0
1992-08-31,100.28447,3.391219201812563,2484.401276190476,0.0
1992-09-30,100.33368333333334,3.44771973508466,2388.7686666666664,0.0
1992-10-31,100.46206333333332,3.6691617398447782,2223.7358181818176,0.0
1992-11-30,100.73648,3.6712192018125633,2128.2154600000003,0.0
1992-12-31,100.96525,3.4784866880369036,2192.9399272727273,0.0
1993-01-31,101.0421,3.5350911075657057,2232.0459,0.0
1993-02-28,101.01040333333331,3.267139265062321,2173.1440000000002,0.0
1993-03-31,100.95109,2.9665566984919494,2125.901739130434,0.0
1993-04-30,100.88394,3.0388743867664387,1925.8027238095237,0.0
1993-05-31,100.80107666666667,3.0162646289011334,1781.2177,0.0
1993-06-30,100.76307666666666,2.823017253615068,1833.9684363636363,0.0
1993-07-31,100.74515333333332,2.7039091955515944,1905.1480952380953,0.0
1993-08-31,100.77667333333332,2.594501200553783,1876.916381818182,0.0
1993-09-30,100.82079,2.3465566984919493,1778.1321,0.0
1993-10-31,100.84922666666668,2.2445012005537834,1639.7759999999998,0.0
1993-11-30,100.83107333333334,2.552120589396353,1634.4313000000004,0.0
1993-12-31,100.83710666666668,2.643315092238464,1748.0238857142856,0.0
1994-01-31,100.80476,2.705678916907975,1846.8470476190475,0.0
1994-02-28,100.6651,2.64756639615732,1919.9972000000002,0.0
1994-03-31,100.48886666666664,2.899713296806469,1976.6526086956524,0.0
1994-04-30,100.35076666666669,3.203855374662976,1937.4552,0.0
1994-05-31,100.24262666666668,2.9381086065677318,2204.41980952381,0.0
1994-06-30,100.15392333333334,2.858108606567732,2396.5194000000006,0.0
1994-07-31,100.11620999999998,2.8612780665714217,2473.3839000000007,0.0
1994-08-31,100.1741,2.6457504540305328,2409.891930434783,0.0
1994-09-30,100.28571333333332,2.7204836819321647,2559.4737142857143,0.0
1994-10-31,100.44581333333332,2.6576571855339943,2580.4641904761907,0.0
1994-11-30,100.63686666666666,2.5238356906421737,2843.7661,0.0
1994-12-31,100.86606666666668,2.050696075558461,3002.7715809523806,0.0
1995-01-31,101.0651,1.9059101154186864,3043.671523809524,0.0
1995-02-28,101.15253333333334,1.533272288345601,2914.0824000000002,0.0
1995-03-31,101.16966666666669,1.3050329818817383,2978.226869565218,0.0
1995-04-30,101.20373333333332,1.24852866706025,2928.9188,0.0
1995-05-31,101.2245,0.7976579576784255,2777.240363636364,0.0
1995-06-30,101.25763333333332,0.5462687583287016,3018.6585090909093,0.0
1995-07-31,101.2416,0.7083880430723362,2997.15,0.0
1995-08-31,101.1397,0.9392320170324939,3034.6013565217386,0.0
1995-09-30,100.95706666666668,0.774251003391937,2881.8953000000006,0.0
1995-10-31,100.84256666666666,0.6142510033919368,2770.0773636363633,0.0
1995-11-30,100.80363333333332,0.4209135554389132,2905.50014,0.0
1995-12-31,100.84273333333334,0.43000936613657625,2817.1748400000006,0.0
1996-01-31,100.89476666666668,0.5156632437754958,2519.3819047619045,0.0
1996-02-29,100.96063333333332,0.8523883598838813,2543.8347600000006,0.0
1996-03-31,101.0332,1.1772594619653525,2581.408761904762,0.0
1996-04-30,101.02513333333332,1.4276571855339937,2607.9827047619046,0.0
1996-05-31,100.98386666666666,1.584861939758908,2624.162545454545,0.0
1996-06-30,101.0018,1.6820405967783838,2163.9863800000003,0.0
1996-07-31,101.05323333333332,1.5796015209104066,1983.3376190476192,0.0
1996-08-31,101.09253333333334,1.4536559891616443,2021.3986000000002,0.0
1996-09-30,101.12416666666668,1.6020405967783835,1971.7534999999996,0.0
1996-10-31,101.1592,1.4060630969920311,2013.6893913043477,0.0
1996-11-30,101.1404,1.0344604888770474,2202.9792,0.0
1996-12-31,100.9903,1.2592427571196847,2238.8336952380955,0.0
1997-01-31,100.77046666666666,1.4144604888770471,2317.506,0.0
1997-02-28,100.66142666666669,1.275262858044755,2408.5544,0.0
1997-03-31,100.65834666666667,1.410009366136577,2445.338,0.0
1997-04-30,100.74610333333334,1.5891931425560726,2392.512127272728,0.0
1997-05-31,100.89386666666668,1.5236559891616448,2530.9266666666663,0.0
1997-06-30,101.05013333333332,1.4284510357828692,2588.9758285714292,0.0
1997-07-31,101.1629,1.0336559891616446,2367.396545454546,0.0
1997-08-31,101.18316666666664,1.020009366136576,2253.0967238095236,0.0
1997-09-30,101.16963333333337,1.1276571855339936,2124.3936190476184,0.0
1997-10-31,101.13286666666666,0.9268612060460688,2070.8017391304343,0.0
1997-11-30,101.10726666666666,0.6000093661365762,1933.042688888889,0.0
1997-12-31,101.1024,0.5091931425560725,1759.4031090909086,0.0
1998-01-31,101.17156666666666,0.3640585053582637,1714.7671000000003,0.0
1998-02-28,101.1358,0.34204059677838394,1672.9288,0.0
1998-03-31,100.95961666666666,0.4844604888770476,1774.7209090909091,0.0
1998-04-30,100.79212333333332,0.5576571855339933,1804.1839047619044,0.0
1998-05-31,100.58640333333334,0.5156632437754958,1733.7214999999997,0.0
1998-06-30,100.37238,0.3864624177352578,1656.7367818181817,0.0
1998-07-31,100.21031333333332,0.3672594619653529,1672.9361818181821,0.0
1998-08-31,100.14735,0.3096378195482368,1617.410647619048,0.0
1998-09-30,100.11335,0.08086332987544509,1666.014095238095,0.0
1998-10-31,100.14205666666665,0.4744034788230183,1599.7533636363632,0.0
1998-11-30,100.25246,0.30834484920652905,1582.4371999999998,0.0
1998-12-31,100.39990666666664,0.14908133338539376,1471.4104363636363,0.0
1999-01-31,100.59421333333334,0.2709132690690588,1446.81,0.0
1999-02-28,100.73190333333334,0.4472361470234256,1415.8728000000003,0.0
1999-03-31,100.75281,0.677236147023426,1392.5446956521735,0.0
1999-04-30,100.7634,0.7827319591537227,1485.2231238095235,0.0
1999-05-31,100.82247333333332,0.9250044253382221,1537.1798000000006,0.0
1999-06-30,100.87607333333334,1.212376612832743,1443.3795636363639,0.0
1999-07-31,100.88915666666666,1.1231300695920725,1686.9520952380956,0.0
1999-08-31,100.92784666666668,1.0966579928075202,1679.6684,0.0
1999-09-30,100.97839666666668,1.1181946426222211,1806.9651428571426,0.0
1999-10-31,101.02030666666668,1.1212127486167571,1760.8910476190476,0.0
1999-11-30,101.13439333333332,0.8228493585712222,1749.82172,0.0
1999-12-31,101.27885666666668,0.9375542970377292,1805.5587809523813,0.0
2000-01-31,101.427,1.1925865500164994,1885.058,0.0
2000-02-29,101.48415333333332,0.8128501096634873,1824.5924200000002,0.0
2000-03-31,101.47866666666668,0.4067851072410633,1774.5074782608701,0.0
2000-04-30,101.50056666666669,0.16809357998068994,1710.9767999999997,0.0
2000-05-31,101.5207,0.4823887276869732,1832.2252727272732,0.0
2000-06-30,101.5027,0.2467851072410632,1787.5441818181819,0.0
2000-07-31,101.51513333333332,-0.0852080961959123,1862.264,0.0
2000-08-31,101.5202,-0.4411220310665769,1914.2889913043473,0.0
2000-09-30,101.50316666666667,-0.3770181079708914,2033.6858999999997,0.0
2000-10-31,101.46106666666668,-0.5520399198848658,1936.9152727272726,0.0
2000-11-30,101.35563333333334,-0.634806477582452,1837.46378,0.0
2000-12-31,101.13103333333332,-0.6967277116543986,1916.3228999999997,0.0
2001-01-31,100.9062,-0.13039847908959334,1836.8765714285712,0.0
2001-02-28,100.74046666666668,0.090426348129931,1808.0456,0.0
2001-03-31,100.67916666666667,0.3579758119747911,1778.3775454545457,0.0
2001-04-30,100.6767,1.1774867137775282,1689.2998799999998,1.0
2001-05-31,100.72573333333332,1.6858269812265458,1711.055363636364,1.0
2001-06-30,100.7603,1.7100337337080087,1606.978380952381,1.0
2001-07-31,100.7159,1.6493923334787914,1545.1614285714286,1.0
2001-08-31,100.53963333333333,1.534151526969057,1491.1689043478261,1.0
2001-09-30,100.29276666666664,2.0353510426244465,1454.2510588235293,1.0
2001-10-31,100.1794,2.3679769541697677,1403.2772173913042,1.0
2001-11-30,100.22983666666666,2.7450230576031203,1461.4503599999998,1.0
2001-12-31,100.4032,3.3691765154530984,1501.5967999999998,0.0
2002-01-31,100.57443333333332,3.3600766530403887,1547.208,0.0
2002-02-28,100.69726666666668,3.1584959607716665,1596.914,0.0
2002-03-31,100.80886666666667,3.4568898217518105,1652.8897999999997,0.0
2002-04-30,100.84516666666669,3.4687233316008443,1616.3935636363638,0.0
2002-05-31,100.8399,3.398268070621052,1623.7970000000003,0.0
2002-06-30,100.73086666666669,3.19895018314814,1685.2996200000002,0.0
2002-07-31,100.576,2.939402328555265,1604.9318095238095,0.0
2002-08-31,100.44106666666669,2.610746306123576,1500.1526,0.0
2002-09-30,100.32142666666668,2.210523607407968,1509.4094,0.0
2002-10-31,100.22478,2.3316319121201285,1512.8543478260867,0.0
2002-11-30,100.22087666666664,2.7990271836852747,1603.3868,0.0
2002-12-31,100.20491666666665,2.819831969555087,1600.513314285714,0.0
2003-01-31,100.08487,2.86023125894834,1669.7923809523813,0.0
2003-02-28,99.88314,2.7102312589483395,1700.4440000000002,0.0
2003-03-31,99.62088666666666,2.6610236322250467,1676.5093333333332,0.0
2003-04-30,99.36102666666666,2.8110236322250466,1594.2581523809527,0.0
2003-05-31,99.29421333333336,2.4821966830842195,1662.5506666666665,0.0
2003-06-30,99.43485666666668,2.3950479392631983,1699.714304761905,0.0
2003-07-31,99.66234333333334,3.0654193289734137,1728.6372727272726,0.0
2003-08-31,99.83834,3.4844869833252354,1767.4820571428572,0.0
2003-09-30,99.97554333333332,3.3146744848732235,1817.407904761905,0.0
2003-10-31,100.15379333333333,3.3550479392631978,1948.1922608695647,0.0
2003-11-30,100.3676,3.3548614701727977,2044.3324444444447,0.0
2003-12-31,100.57030000000002,3.3554193289734138,2196.8947238095243,0.0
2004-01-31,100.73383333333334,3.2557886543177164,2434.376,0.0
2004-02-29,100.6917,3.134861470172799,2759.8835999999997,0.0
2004-03-31,100.5882,2.874674484873224,2959.8761739130437,0.0
2004-04-30,100.41084,3.3946744848732235,2820.5322666666666,0.0
2004-05-31,100.19200666666666,3.683160014236707,2664.9114999999997,0.0
2004-06-30,100.08545666666667,3.4382141196056337,2660.4169142857145,0.0
2004-07-31,100.08629333333332,3.146978996331277,2793.9898095238095,0.0
2004-08-31,100.08559,2.773809618874166,2809.6191272727274,0.0
2004-09-30,100.08665666666668,2.450076653040389,2892.4351428571426,0.0
2004-10-31,100.12729666666668,2.3075812838450167,2964.2750476190477,0.0
2004-11-30,100.24442333333332,2.0802105265803323,3053.9175,0.0
2004-12-31,100.38577333333332,1.997223052280248,3127.664914285715,0.0
2005-01-31,100.45522333333334,1.8436428051102087,3101.3035000000004,0.0
2005-02-28,100.44596333333334,1.5780806601049069,3175.1868,0.0
2005-03-31,100.37620666666668,1.7025691273951309,3272.7897272727273,0.0
2005-04-30,100.29842666666666,1.501441708987211,3260.1043238095235,0.0
2005-05-31,100.30954,1.239734874471064,3111.9955238095235,0.0
2005-06-30,100.40444333333332,0.9659720350531612,3437.3784363636364,0.0
2005-07-31,100.3507,0.8884866880369038,3463.035,0.0
2005-08-31,100.07373,0.7416280232331363,3664.9741043478252,0.0
2005-09-30,99.72808,0.7022620554695349,3678.0561904761903,0.0
2005-10-31,99.61394,0.6628624553766582,3962.949428571428,0.0
2005-11-30,99.8094,0.5671462443319086,4209.71714,0.0
2005-12-31,100.1177,0.4868052469266542,4627.130076190477,0.0
2006-01-31,100.27410666666668,0.07453740871608261,4693.5833,0.0
2006-02-28,100.25281,0.027606244593977536,4948.1656,0.0
2006-03-31,100.19096333333334,0.09463061530071036,5090.185913043479,0.0
2006-04-30,100.06431666666668,0.2712424468964123,6408.325911111111,0.0
2006-05-31,99.91984666666669,0.2666579928075201,7983.889818181819,0.0
2006-06-30,99.90085333333332,0.19394839629053084,7266.006945454547,0.0
2006-07-31,99.93257333333334,0.007657185533993527,7798.679999999999,0.0
2006-08-31,100.02965333333334,-0.2127405380346472,7729.542991304349,0.0
2006-09-30,100.2507,-0.21683055843704133,7622.8095,0.0
2006-10-31,100.5056,-0.3211528374551493,7507.024363636363,0.0
2006-11-30,100.6642,-0.4719456232071266,6994.338900000001,0.0
2006-12-31,100.74706666666668,-0.4183948490732909,6656.7301800000005,0.0
2007-01-31,100.74053333333336,-0.3535375822647424,5692.050400000002,0.0
2007-02-28,100.60926666666666,-0.4455395111229529,5743.461599999999,0.0
2007-03-31,100.48223333333334,-0.5119456232071267,6456.818363636366,0.0
2007-04-30,100.46106666666668,-0.3091801856352205,7745.8588199999995,0.0
2007-05-31,100.50553333333332,-0.10372749797087888,7680.138545454546,0.0
2007-06-30,100.5319,0.3708633298754451,7463.100838095239,0.0
2007-07-31,100.52266666666668,0.05277916661276817,7921.595809523809,0.0
2007-08-31,100.40574666666667,0.36597223859980144,7382.135095652176,0.0
2007-09-30,100.24403333333332,0.536805246926654,7623.6939999999995,0.0
2007-10-31,100.04452666666668,0.5364637215213315,7938.520521739129,0.0
2007-11-30,99.84384666666664,0.8069502412020699,6908.007695238096,0.0
2007-12-31,99.69964666666664,1.035091107565706,6677.3486,0.0
2008-01-31,99.50281333333334,0.9322880579584476,7086.857047619049,1.0
2008-02-29,99.18977666666667,1.5789748619546748,7919.94176,1.0
2008-03-31,98.87339333333334,2.228418161845478,8352.696000000002,1.0
2008-04-30,98.54013666666668,2.367804482449856,8620.525236363637,1.0
2008-05-31,98.29181,2.1182680706210517,8268.5264,1.0
2008-06-30,98.17118333333332,2.2052582224090256,8126.2251400000005,1.0
2008-07-31,98.21664666666668,2.3505236074079674,8199.03742857143,1.0
2008-08-31,98.28455333333332,2.1384959607716665,7498.91059047619,1.0
2008-09-30,98.2237,2.5410236322250466,6882.619714285713,1.0
2008-10-31,97.86718666666668,3.129542013237419,4817.29281818182,1.0
2008-11-30,97.47906666666664,3.337268546476905,3728.182,1.0
2008-12-31,97.20416666666668,2.389581026561181,3084.8286000000003,1.0
2009-01-31,97.03941999999999,2.3881511174366468,3290.1312000000007,1.0
2009-02-28,96.95669333333336,2.565602498561409,3330.721533333334,1.0
2009-03-31,97.05372333333332,2.6069702500410634,3800.6978181818176,1.0
2009-04-30,97.33840333333336,2.767712141354948,4493.179352380953,1.0
2009-05-31,97.63105,3.107416924700739,4635.8385,1.0
2009-06-30,97.82829666666667,3.537416924700739,5042.341254545455,1.0
2009-07-31,97.94071333333332,3.377416924700739,5277.628272727272,0.0
2009-08-31,98.07035666666668,3.4175647896471064,6205.907752380952,0.0
2009-09-30,98.23008333333333,3.2782964165796966,6239.314095238095,0.0
2009-10-31,98.29806666666668,3.31901521741486,6350.091333333334,0.0
2009-11-30,98.34309666666668,3.349299147531146,6701.438319999999,0.0
2009-12-31,98.47209333333336,3.5392991475311466,7038.143400000001,0.0
2010-01-31,98.62053333333334,3.66915743887823,7373.78811111111,0.0
2010-02-28,98.73949333333331,3.578441202678856,6872.720955555556,0.0
2010-03-31,98.87493333333336,3.5778589798631986,7507.35104347826,0.0
2010-04-30,98.94400333333333,3.687712141354948,7767.210857142855,0.0
2010-05-31,99.00330333333336,3.2577121413549484,6869.206800000002,0.0
2010-06-30,98.98808333333334,3.0782964165796964,6485.510436363637,0.0
2010-07-31,98.8277,2.847712141354948,6767.644380952382,0.0
2010-08-31,98.64791333333336,2.537712141354948,7323.030436363636,0.0
2010-09-30,98.45626333333333,2.497858979863198,7759.471999999998,0.0
2010-10-31,98.35116666666666,2.4081511174366472,8328.496190476188,0.0
2010-11-30,98.32458,2.6180053052107883,8474.820800000001,0.0
2010-12-31,98.30243333333333,3.1480053052107886,9196.881254545455,0.0
2011-01-31,98.31886333333334,3.2378589798631983,9593.020199999999,0.0
2011-02-28,98.41676,3.448151117436647,9914.1952,0.0
2011-03-31,98.55208333333331,3.3085854757730417,9547.928363636363,0.0
2011-04-30,98.64905666666664,3.39915743887823,9482.443200000002,0.0
2011-05-31,98.69491333333332,3.1294403434125004,8956.268857142857,0.0
2011-06-30,98.57391,2.9594403434125005,9062.367127272726,0.0
2011-07-31,98.20949,2.9594403434125005,9716.940099999998,0.0
2011-08-31,97.8064,2.279721197016072,8997.590434782609,0.0
2011-09-30,97.54465666666664,1.9698608548160523,8264.842571428571,0.0
2011-10-31,97.41667333333334,2.1297211970160714,7379.569238095238,0.0
2011-11-30,97.50570333333332,1.9998608548160517,7592.118800000001,0.0
2011-12-31,97.8661,1.9698608548160523,7570.970895238097,0.0
2012-01-31,98.27050666666666,1.9395810265611808,8094.796099999998,0.0
2012-02-29,98.47813666666669,1.8787292359011682,8484.20984,0.0
2012-03-31,98.49130666666666,2.0888724831021386,8471.231428571427,0.0
2012-04-30,98.49827,1.9688724831021385,8203.001479999999,0.0
2012-05-31,98.40695333333332,1.7087292359011677,7865.525,0.0
2012-06-30,98.13507333333332,1.5287292359011675,7381.070057142856,0.0
2012-07-31,97.99132666666668,1.4285854757730427,7584.383809523811,0.0
2012-08-31,98.10317,1.5785854757730426,7522.941947826085,0.0
2012-09-30,98.40316666666666,1.608441202678856,8169.068000000001,0.0
2012-10-31,98.72216333333333,1.6485854757730427,8087.978727272729,0.0
2012-11-30,98.79215,1.5587292359011675,7721.871428571427,0.0
2012-12-31,98.69342333333334,1.6490152174148591,7998.106619999999,0.0
2013-01-31,98.71576999999998,1.8390152174148595,8113.0289523809515,0.0
2013-02-28,98.80115666666666,1.8785854757730427,8096.6144,0.0
2013-03-31,98.73498666666666,1.8687292359011682,7670.746499999999,0.0
2013-04-30,98.64208333333332,1.6991574388782298,7226.344963636366,0.0
2013-05-31,98.54494666666666,1.8894403434125004,7274.151727272725,0.0
2013-06-30,98.45461666666668,2.249299147531146,7009.689759999999,0.0
2013-07-31,98.41986666666666,2.5394403434125006,6910.441636363637,0.0
2013-08-31,98.39291999999999,2.6994403434125007,7231.624545454545,0.0
2013-09-30,98.38198333333334,2.7897211970160716,7211.4329,0.0
2013-10-31,98.39479333333333,2.5692991475311464,7246.704086956522,0.0
2013-11-30,98.45226666666667,2.64901521741486,7082.355640000002,0.0
2013-12-31,98.65165,2.829015217414859,7320.5545142857145,0.0
2014-01-31,98.81029666666666,2.8194403434125004,7303.321333333334,0.0
2014-02-28,98.99366,2.6592991475311463,7139.568000000001,0.0
2014-03-31,99.16289,2.6692991475311465,6639.770400000001,0.0
2014-04-30,99.18619,2.679581026561181,6721.8956380952395,0.0
2014-05-31,99.12162,2.529581026561181,6872.281904761905,0.0
2014-06-30,99.11782666666666,2.5594403434125006,6831.47641904762,0.0
2014-07-31,99.11687666666668,2.509581026561181,7135.399909090912,0.0
2014-08-31,99.15151,2.389581026561181,6975.166723809523,0.0
2014-09-30,99.24478666666666,2.509721197016072,6823.951333333333,0.0
2014-10-31,99.36062333333332,2.279721197016072,6687.319304347825,0.0
2014-11-30,99.56942,2.3097211970160716,6634.399600000001,0.0
2014-12-31,99.82940666666669,2.179581026561181,6376.560323809525,0.0
2015-01-31,100.0657,1.8495810265611807,5790.835999999999,0.0
2015-02-28,100.20917333333334,1.9597211970160715,5733.473999999999,0.0
2015-03-31,100.20543,2.009581026561181,5938.177090909092,0.0
2015-04-30,100.19025,1.9197211970160712,6046.97836190476,0.0
2015-05-31,100.11432333333336,2.1797211970160717,6329.392099999999,0.0
2015-06-30,99.95834666666669,2.3397211970160714,5853.413254545455,0.0
2015-07-31,99.7633,2.2895810265611813,5460.710545454544,0.0
2015-08-31,99.61654,2.099015217414859,5127.606000000001,0.0
2015-09-30,99.54529666666667,2.1497211970160715,5208.996571428572,0.0
2015-10-31,99.56302333333332,2.049721197016072,5215.114818181818,0.0
2015-11-30,99.63442,2.138296416579696,4752.63948,0.0
2015-12-31,99.66625333333332,2.0066699000279886,4597.584072727274,0.0
2016-01-31,99.61537333333332,1.8262155238692983,4439.088000000001,0.0
2016-02-29,99.476,1.4654479579692865,4578.754900000001,0.0
2016-03-31,99.29118666666666,1.595756525408487,4925.94,0.0
2016-04-30,99.24286,1.5766699000279885,4811.636361904761,0.0
2016-05-31,99.35027333333332,1.536063038023451,4653.48361904762,0.0
2016-06-30,99.52470666666666,1.3660630380234509,4621.637727272729,0.0
2016-07-31,99.65156666666668,1.195602498561409,4868.580900000001,0.0
2016-08-31,99.69351333333331,1.2556024985614092,4721.868765217392,0.0
2016-09-30,99.74109,1.3357565254084869,4726.845333333334,0.0
2016-10-31,99.87474666666668,1.4251373353939412,4730.62361904762,0.0
2016-11-30,100.11018,1.6832304246079917,5442.064323809524,0.0
2016-12-31,100.33055333333334,1.9722491995931424,5659.567638095238,0.0
2017-01-31,100.49555,1.9122491995931423,5789.907999999999,0.0
2017-02-28,100.62706666666668,1.8920838613421864,5949.3848,0.0
2017-03-31,100.70463333333332,1.7283161558314912,5841.17495652174,0.0
2017-04-30,100.77806666666667,1.4872453183103609,5705.6804,0.0
2017-05-31,100.7988,1.3956042496716916,5633.123454545455,0.0
2017-06-30,100.83306666666668,1.1939213807983222,5740.638581818182,0.0
2017-07-31,100.93829999999998,1.2321966830842197,6030.143999999999,0.0
2017-08-31,101.16026666666669,1.1833511306226536,6524.2808,0.0
2017-09-30,101.50666666666666,1.1529683812882825,6620.871099999999,0.0
2017-10-31,101.8469,1.2721966830842195,6852.686818181817,0.0
2017-11-30,101.9427,1.099027183685275,6831.560380952382,0.0
2017-12-31,101.96126666666667,1.0571861444352657,6846.152960000001,0.0
2018-01-31,102.0036,1.1453031680414278,7082.396571428573,0.0
2018-02-28,102.0935,1.2618520166003244,7002.2008000000005,0.0
2018-03-31,102.10536666666668,1.1089501831481392,6793.620095238095,0.0
2018-04-30,102.03596666666664,1.0775812838450172,6818.5462857142875,0.0
2018-05-31,101.89723333333336,1.085258222409026,6785.51490909091,0.0
2018-06-30,101.71223333333334,0.9743144435357596,6878.8624190476185,0.0
2018-07-31,101.618,0.8928831734113796,6175.135714285714,0.0
2018-08-31,101.56086666666666,0.8211896852934517,5955.102591304349,0.0
2018-09-30,101.58276666666669,0.8287261664679577,5975.102,0.0
2018-10-31,101.6477,0.8557011754352879,6099.953304347827,0.0
2018-11-30,101.74916666666668,0.7436428051102091,6062.6372571428565,0.0
2018-12-31,101.81656666666667,0.41260109941977374,6002.318499999999,0.0
2019-01-31,101.8498,0.29260109941977364,5885.152285714286,0.0
2019-02-28,101.964,0.2420771153281316,6288.708000000001,0.0
2019-03-31,102.06083333333332,0.1218143403313432,6396.112952380952,0.0
2019-04-30,102.11533333333334,0.10233936834433388,6424.911885714286,0.0
2019-05-31,102.11313333333334,0.003122995907634429,6027.138545454546,0.0
2019-06-30,102.06016666666666,-0.14227382534139332,5898.069300000001,0.0
2019-07-31,101.89563333333332,-0.08052930975260343,5933.719000000001,0.0
2019-08-31,101.69426666666668,-0.35687698111943456,5682.703436363637,0.0
2019-09-30,101.68299999999999,-0.2254488317938952,5762.137599999999,0.0
2019-10-31,101.76633333333336,0.030076653040389086,5775.054956521739,0.0
2019-11-30,101.1073,0.24250921782739798,5858.6177,0.0
