Date,10 Year Treasury Yield,3 Month Treasury Yield,3 Month Treasury Yield (Bond Equivalent Basis),Spread,Rec_prob,NBER_Rec,Year,CCI Value
1970-12-31,6.39,4.87,4.999180185635222,1.3908198143647788,0.39907943049696537,0.0,1970,98.74387
1971-01-31,6.24,4.44,4.552763852976574,1.6872361470234258,0.3779195297003364,0.0,1971,98.92701
1971-02-28,6.11,3.7,3.786806044308856,2.3231939556911447,0.32410198848258365,0.0,1971,99.06342
1971-03-31,5.7,3.38,3.456476192984393,2.243523807015607,0.2479344218602195,0.0,1971,99.16283
1971-04-30,5.83,3.86,3.9521733446960536,1.8778266553039464,0.16772297966466918,0.0,1971,99.24342
1971-05-31,6.39,4.14,4.241891393432269,2.148108606567731,0.14158194901758991,0.0,1971,99.31329
1971-06-30,6.52,4.75,4.874500073802811,1.6454999261971874,0.12814218599147106,0.0,1971,99.37062
1971-07-31,6.73,5.4,5.550767982967505,1.1792320170324944,0.14747759912882968,0.0,1971,99.40685
1971-08-31,6.58,4.94,5.071945623207126,1.5080543767928738,0.13175145188661258,0.0,1971,99.42242
1971-09-30,6.14,4.69,4.812188722918173,1.3278112770818256,0.1109128730191269,0.0,1971,99.4637
1971-10-31,5.93,4.46,4.573505638849541,1.3564943611504583,0.09297127353654104,0.0,1971,99.60351
1971-11-30,5.81,4.22,4.324744117668528,1.4852558823314703,0.07657099380862692,0.0,1971,99.89603
1971-12-31,5.93,4.01,4.1073279175105215,1.8226720824894789,0.07872662670154028,0.0,1971,100.2331
1972-01-31,5.95,3.38,3.456476192984393,2.493523807015607,0.05465297749863296,0.0,1972,100.4671
1972-02-29,6.08,3.2,3.2709024106102693,2.8090975893897308,0.0225413631877318,0.0,1972,100.4896
1972-03-31,6.07,3.73,3.817802127111261,2.25219787288874,0.025383114504473357,0.0,1972,100.4121
1972-04-30,6.19,3.71,3.7971375446233417,2.392862455376658,0.04253799532589268,0.0,1972,100.3828
1972-05-31,6.13,3.69,3.776475071226868,2.353524928773132,0.02917542755408901,0.0,1972,100.5019
1972-06-30,6.11,3.91,4.0038783319245015,2.106121668075498,0.05763959658603826,0.0,1972,100.6896
1972-07-31,6.11,3.98,4.07628749457739,2.03371250542261,0.10031585666668466,0.0,1972,100.8212
1972-08-31,6.21,4.02,4.117675782072157,2.0923242179278434,0.06838884215350499,0.0,1972,100.7926
1972-09-30,6.55,4.66,4.781040219878941,1.768959780121059,0.08475118590618005,0.0,1972,100.643
1972-10-31,6.48,4.74,4.864113520160727,1.6158864798392747,0.08196711459574912,0.0,1972,100.4103
1972-11-30,6.28,4.78,4.905662923850457,1.3743370761495433,0.07031258143429868,0.0,1972,100.1078
1972-12-31,6.36,5.07,5.207150641428778,1.1528493585712225,0.04579673175225085,0.0,1972,99.78337
1973-01-31,6.46,5.41,5.561189702850284,0.8988102971497165,0.017356070062304326,0.0,1973,99.48389
1973-02-28,6.64,5.6,5.7593039244415385,0.8806960755584612,0.010403763884686362,0.0,1973,99.24095
1973-03-31,6.71,6.09,6.271122031066578,0.43887796893342296,0.025059833522938092,0.0,1973,99.03194
1973-04-30,6.67,6.26,6.448992586579751,0.22100741342024927,0.020280884798829203,0.0,1973,98.83447
1973-05-31,6.85,6.36,6.5536949017030475,0.29630509829695306,0.021532384123750387,0.0,1973,98.64689
1973-06-30,6.9,7.19,7.42480487731043,-0.5248048773104292,0.030987468181349405,0.0,1973,98.49733
1973-07-31,7.13,8.01,8.289083212341893,-1.1590832123418933,0.034330797912630086,0.0,1973,98.4389
1973-08-31,7.4,8.67,8.987382646858102,-1.5873826468581012,0.031602885253231065,0.0,1973,98.50697
1973-09-30,7.09,8.29,8.585040803663206,-1.4950408036632084,0.0491601872395553,0.0,1973,98.58526
1973-10-31,6.79,7.22,7.4563604993127335,-0.6663604993127343,0.059835483818478925,0.0,1973,98.51086
1973-11-30,6.73,7.83,8.099050456153416,-1.3690504561534151,0.08027035093416275,0.0,1973,98.16905
1973-12-31,6.74,7.45,7.698448985831796,-0.9584489858317956,0.10328495090731936,1.0,1973,97.74072
1974-01-31,6.99,7.77,8.035745402832804,-1.0457454028328037,0.13517716978223446,1.0,1974,98.2202
1974-02-28,6.96,7.12,7.351194045725174,-0.3911940457251744,0.1376847139397035,1.0,1974,98.25826
1974-03-31,7.21,7.96,8.236278633073702,-1.0262786330737024,0.2086513223486933,1.0,1974,98.45735
1974-04-30,7.51,8.33,8.627355394718286,-1.1173553947182864,0.25041076445054483,1.0,1974,98.61857
1974-05-31,7.58,8.23,8.52158530223338,-0.9415853022333796,0.2354974808765676,1.0,1974,98.58137500000001
1974-06-30,7.54,7.9,8.17293111609332,-0.63293111609332,0.4203107724812103,1.0,1974,98.39961
1974-07-31,7.81,7.55,7.803794358726756,0.006205641273243856,0.5794159925565407,1.0,1974,98.16707500000001
1974-08-31,8.04,8.96,9.294965075669383,-1.254965075669384,0.6813628577162912,1.0,1974,97.95154
1974-09-30,8.04,8.06,8.341901417037228,-0.3019014170372269,0.6602189761841284,1.0,1974,97.7644
1974-10-31,7.9,7.46,7.708981080452102,0.19101891954789707,0.45561238935559,1.0,1974,97.61350999999999
1974-11-30,7.68,7.47,7.719513717775903,-0.03951371777590307,0.630549453672366,1.0,1974,97.52621500000001
1974-12-31,7.43,7.15,7.382738296460898,0.047261703539102314,0.5292553782326375,1.0,1974,97.521205
1975-01-31,7.5,6.26,6.448992586579751,1.0510074134202494,0.5511854059067145,1.0,1975,97.656615
1975-02-28,7.39,5.5,5.655009225482049,1.734990774517951,0.38756384533503,1.0,1975,97.9763
1975-03-31,7.73,5.49,5.64458269636886,2.0854173036311403,0.5463062282719691,1.0,1975,98.37575
1975-04-30,8.23,5.61,5.769736336025116,2.4602636639748843,0.5690617537884334,0.0,1975,98.73298
1975-05-31,8.06,5.23,5.373680436954436,2.686319563045563,0.5250066565612227,0.0,1975,98.953275
1975-06-30,7.86,5.34,5.488248879457881,2.3717511205421182,0.4472332733076303,0.0,1975,99.06966499999999
1975-07-31,8.06,6.13,6.312959957022947,1.7470400429770532,0.2955550072064048,0.0,1975,99.130615
1975-08-31,8.4,6.44,6.637495496126388,1.7625045038736131,0.6029895638523102,0.0,1975,99.15556
1975-09-30,8.43,6.42,6.616542117666192,1.8134578823338063,0.3661015459965413,0.0,1975,99.19242
1975-10-31,8.14,5.96,6.135208096195912,2.0047919038040884,0.2564866571867743,0.0,1975,99.305755
1975-11-30,8.05,5.48,5.634156701778977,2.4158432982210245,0.3056257564644161,0.0,1975,99.54121
1975-12-31,8.0,5.44,5.592458067830523,2.407541932169477,0.28664368041866284,0.0,1975,99.83033
1976-01-31,7.74,4.87,4.999180185635222,2.7408198143647797,0.11534415304123387,0.0,1976,100.06794
1976-02-29,7.79,4.88,5.009573651870069,2.7804263481299314,0.05138724782325077,0.0,1976,100.16942
1976-03-31,7.73,5.0,5.134336756224505,2.5956632437754963,0.031914732751938416,0.0,1976,100.19572
1976-04-30,7.56,4.86,4.988787251383243,2.5712127486167557,0.018279864151918988,0.0,1976,100.23409000000001
1976-05-31,7.9,5.2,5.342445702962271,2.557554297037729,0.012750083395741421,0.0,1976,100.339755
1976-06-30,7.86,5.41,5.561189702850284,2.298810297149717,0.02094463926341735,0.0,1976,100.465
1976-07-31,7.83,5.23,5.373680436954436,2.4563195630455628,0.050588269169898975,0.0,1976,100.54145
1976-08-31,7.77,5.14,5.279990633863424,2.4900093661365763,0.049577366689440114,0.0,1976,100.51965000000001
1976-09-30,7.59,5.08,5.217554755904431,2.372445244095569,0.0463602077324848,0.0,1976,100.4437
1976-10-31,7.41,4.92,5.051152837455151,2.3588471625448504,0.035746493135891816,0.0,1976,100.3708
1976-11-30,7.29,4.75,4.874500073802811,2.415499926197188,0.019578708897326588,0.0,1976,100.34675
1976-12-31,6.87,4.35,4.459452058257253,2.410547941742747,0.019829936362591533,0.0,1976,100.3651
1977-01-31,7.21,4.62,4.739516318067835,2.4704836819321647,0.011657323552603571,0.0,1977,100.4131
1977-02-28,7.39,4.67,4.7914225230449565,2.598577476955043,0.010915085458751623,0.0,1977,100.47295
1977-03-31,7.46,4.6,4.718757553103588,2.7412424468964125,0.014764369171099663,0.0,1977,100.5211
1977-04-30,7.37,4.54,4.656493998065578,2.7135060019344217,0.015352395127714859,0.0,1977,100.5415
1977-05-31,7.46,4.96,5.092740538034646,2.367259461965353,0.015689548357489633,0.0,1977,100.53475
1977-06-30,7.28,5.02,5.155138060241092,2.124861939758908,0.02338114208814615,0.0,1977,100.52795
1977-07-31,7.33,5.19,5.332035191685588,1.9979648083144124,0.018392140199931142,0.0,1977,100.5117
1977-08-31,7.4,5.49,5.64458269636886,1.7554173036311402,0.017451760815191102,0.0,1977,100.46430000000001
1977-09-30,7.34,5.81,5.9784969760051005,1.3615030239948993,0.02092252675448035,0.0,1977,100.403535
1977-10-31,7.52,6.16,6.344344041553703,1.1756559584462956,0.02135933279533321,0.0,1977,100.35429
1977-11-30,7.58,6.1,6.281580706956432,1.298419293043569,0.01958904665200025,0.0,1977,100.33104
1977-12-31,7.69,6.07,6.250206290237175,1.4397937097628244,0.01973865014107724,0.0,1977,100.32877500000001
1978-01-31,7.96,6.44,6.637495496126388,1.3225045038736123,0.0179916464248877,0.0,1978,100.32421500000001
1978-02-28,8.03,6.45,6.647972993006816,1.3820270069931837,0.014695592048631212,0.0,1978,100.272615
1978-03-31,8.04,6.29,6.48039763337126,1.5596023666287389,0.011649177590652765,0.0,1978,100.17202
1978-04-30,8.15,6.29,6.48039763337126,1.66960236662874,0.012194374387931691,0.0,1978,100.1676
1978-05-31,8.35,6.41,6.6060662360034215,1.7439337639965782,0.02108820747401332,0.0,1978,100.18874
1978-06-30,8.46,6.73,6.941561683947217,1.5184383160527837,0.03016749744054122,0.0,1978,100.17072
1978-07-31,8.64,7.01,7.235573462993845,1.4044265370061562,0.036087574974403416,0.0,1978,100.16166000000001
1978-08-31,8.41,7.08,7.309142622466745,1.1008573775332549,0.05003863348642629,0.0,1978,100.10282000000001
1978-09-30,8.42,7.85,8.120156494212237,0.2998435057877629,0.08148810731445855,0.0,1978,100.04962
1978-10-31,8.64,7.99,8.267959745878635,0.3720402541213659,0.10071461521785993,0.0,1978,99.884465
1978-11-30,8.81,8.64,8.955590087511244,-0.1455900875112448,0.08767701591795757,0.0,1978,99.58614
1978-12-31,9.01,9.08,9.42237556903279,-0.4123755690327897,0.07427257174640542,0.0,1978,99.305265
1979-01-31,9.1,9.35,9.709338632655411,-0.6093386326554135,0.08527396178411614,0.0,1979,99.265015
1979-02-28,9.1,9.32,9.677434037667405,-0.5774340376674036,0.07954731166562297,0.0,1979,99.25096500000001
1979-03-31,9.12,9.48,9.847649166185695,-0.7276491661856976,0.0641891260844238,0.0,1979,99.12038
1979-04-30,9.18,9.46,9.826364560999505,-0.6463645609995029,0.05589956390551643,0.0,1979,98.97944
1979-05-31,9.25,9.61,9.98605286360418,-0.7360528636041792,0.05079329156226455,0.0,1979,98.865825
1979-06-30,8.91,9.06,9.401134993236775,-0.49113499323677706,0.06752621881170051,0.0,1979,98.69256999999999
1979-07-31,8.95,9.24,9.592379340120754,-0.6423793401207547,0.07746929957478721,0.0,1979,98.529515
1979-08-31,9.03,9.52,9.890224992087363,-0.8602249920873657,0.10932183253626523,0.0,1979,98.51193
1979-09-30,9.33,10.26,10.679472109150826,-1.3494721091508255,0.2348089361714117,0.0,1979,98.496925
1979-10-31,10.3,11.7,12.224025555813176,-1.9240255558131736,0.22100558482553706,0.0,1979,98.39236500000001
1979-11-30,10.65,11.79,12.32094496223707,-1.6709449622370691,0.329555289767692,0.0,1979,98.323125
1979-12-31,10.39,12.04,12.59040417873297,-2.2004041787329687,0.3927086467508237,0.0,1979,98.28734
1980-01-31,10.8,12.0,12.547267102096939,-1.7472671020969397,0.44133370825802615,0.0,1980,98.280145
1980-02-29,12.41,12.86,13.476701232911873,-1.0667012329118728,0.43337650512391657,1.0,1980,98.084305
1980-03-31,12.75,15.2,16.02690023341268,-3.276900233412679,0.4710231890967304,1.0,1980,97.67092
1980-04-30,11.47,13.2,13.845305010517604,-2.375305010517604,0.4505977669635455,1.0,1980,97.36063999999999
1980-05-31,10.18,8.58,8.892019755122346,1.2879802448776552,0.4731401775382224,1.0,1980,97.33045999999999
1980-06-30,9.78,7.07,7.29863111953826,2.48136888046174,0.4119967609694217,1.0,1980,97.60024000000001
1980-07-31,10.25,8.06,8.341901417037228,1.9080985829627741,0.4495992609137834,1.0,1980,97.999435
1980-08-31,11.1,9.13,9.47548662649701,1.6245133735029866,0.5044770038484223,0.0,1980,98.44655
1980-09-30,11.51,10.27,10.69015836965353,0.8198416303464704,0.6258629170598012,0.0,1980,98.8167
1980-10-31,11.75,11.62,12.137913113456413,-0.3879131134564169,0.7532043970818674,0.0,1980,98.957735
1980-11-30,12.68,13.73,14.421202299703285,-1.7412022997032857,0.7000026592826935,0.0,1980,98.84354
1980-12-31,12.84,15.49,16.345137279378882,-3.505137279378878,0.8049830381846623,0.0,1980,98.54765499999999
1981-01-31,12.57,15.02,15.829617724967791,-3.2596177249677907,0.7165828788676242,0.0,1981,98.41337999999999
1981-02-28,13.19,14.79,15.577805922587535,-2.3878059225875354,0.556429144416494,0.0,1981,98.30636
1981-03-31,13.12,13.36,14.018992509251316,-0.8989925092513165,0.9383389112556644,0.0,1981,98.33559500000001
1981-04-30,13.68,13.69,14.377682588670552,-0.6976825886705509,0.834043556119956,0.0,1981,98.530535
1981-05-31,14.1,16.3,17.23658403033894,-3.1365840303389394,0.08873410698910603,0.0,1981,98.71303
1981-06-30,13.47,14.73,15.512165903962455,-2.042165903962454,0.017688939949039827,0.0,1981,98.753265
1981-07-31,14.28,14.95,15.752947137015347,-1.4729471370153482,0.04083071209070435,0.0,1981,98.761015
1981-08-31,14.94,15.51,16.36710256185638,-1.4271025618563815,0.05918912518077106,1.0,1981,98.72023
1981-09-30,15.32,14.7,15.479353649353907,-0.15935364935390872,0.14634019599215206,1.0,1981,98.53612
1981-10-31,15.15,13.54,14.214564830852401,0.9354351691476008,0.38676867425911066,1.0,1981,98.26988
1981-11-30,13.39,10.86,11.321630972925082,2.068369027074919,0.7152815687841977,1.0,1981,98.03597500000001
1981-12-31,13.72,10.85,11.310911913265633,2.4090880867343683,0.9540492910271092,1.0,1981,98.032455
1982-01-31,14.59,12.28,12.849415695884357,1.7405843041156432,0.9369963408486159,1.0,1982,98.146995
1982-02-28,14.43,13.48,14.14935358487484,0.28064641512516,0.8360076309081703,1.0,1982,98.117205
1982-03-31,13.86,12.68,13.281823055192367,0.5781769448076286,0.5142640363637342,1.0,1982,98.06235
1982-04-30,13.87,12.7,13.303467138097195,0.5665328619028056,0.4634813398126321,1.0,1982,98.12048
1982-05-31,13.62,12.09,12.644338178345384,0.9756618216546152,0.926771118130194,1.0,1982,98.170155
1982-06-30,14.3,12.47,13.05469661321609,1.2453033867839114,0.7761906572959678,1.0,1982,98.1402
1982-07-31,13.95,11.35,11.847548341800804,2.102451658199195,0.6550812268544788,1.0,1982,98.098775
1982-08-31,13.06,8.68,8.997981262205297,4.062018737794704,0.6443295881036228,1.0,1982,98.14038
1982-09-30,12.34,7.92,8.19404477642401,4.1459552235759904,0.3327147714898402,1.0,1982,98.2885
1982-10-31,10.91,7.71,7.972459933725022,2.9375400662749778,0.13020333436032433,1.0,1982,98.444355
1982-11-30,10.55,8.07,8.352466693491651,2.197533306508348,0.03269535388669722,1.0,1982,98.50277
1982-12-31,10.54,7.94,8.21516061530507,2.324839384694929,0.01978293823167078,0.0,1982,98.5394
1983-01-31,10.46,7.86,8.130710329734613,2.329289670265389,0.051015105285807716,0.0,1983,98.67831
1983-02-28,10.72,8.11,8.394733252434136,2.3252667475658644,0.2385578640188519,0.0,1983,99.03911
1983-03-31,10.51,8.35,8.648515968291848,1.861484031708152,0.18425016963988036,0.0,1983,99.57114
1983-04-30,10.4,8.21,8.500437836444048,1.8995621635559523,0.1862191661795231,0.0,1983,100.09655000000001
1983-05-31,10.38,8.19,8.479292554101281,1.9007074458987196,0.12488793700666878,0.0,1983,100.42555
1983-06-30,10.85,8.79,9.11460219868631,1.73539780131369,0.09315451590121257,0.0,1983,100.5277
1983-07-31,11.38,9.08,9.42237556903279,1.9576244309672115,0.031150187972981924,0.0,1983,100.50945
1983-08-31,11.85,9.34,9.69870321700731,2.1512967829926897,0.0009528182543819673,0.0,1983,100.4262
1983-09-30,11.65,9.0,9.337426451777947,2.3125735482220517,0.0007951237770210054,0.0,1983,100.35825
1983-10-31,11.54,8.64,8.955590087511244,2.584409912488754,0.008361022510803541,0.0,1983,100.38165000000001
1983-11-30,11.69,8.76,9.082789911268524,2.607210088731476,0.027156078673198112,0.0,1983,100.5481
1983-12-31,11.83,9.0,9.337426451777947,2.4925735482220506,0.02248562205339004,0.0,1983,100.81075
1984-01-31,11.67,8.9,9.231289481984989,2.438710518015011,0.022335444629864597,0.0,1984,101.05584999999999
1984-02-29,11.84,9.09,9.432996681243267,2.407003318756733,0.02247116358761264,0.0,1984,101.13475
1984-03-31,12.32,9.52,9.890224992087363,2.4297750079126352,0.04348341612043039,0.0,1984,101.1271
1984-04-30,12.63,9.69,10.071270716816148,2.558729283183853,0.04130642564913943,0.0,1984,101.0144
1984-05-31,13.41,9.83,10.220487006725731,3.1895129932742687,0.0412423421447953,0.0,1984,100.9374
1984-06-30,13.56,9.87,10.263140126882274,3.2968598731177288,0.051360095323530135,0.0,1984,100.8946
1984-07-31,13.36,10.12,10.529922677561668,2.8300773224383318,0.038157765937237464,0.0,1984,100.95715
1984-08-31,12.72,10.47,10.904000116414334,1.8159998835856663,0.029041507050692687,0.0,1984,101.06635
1984-09-30,12.52,10.37,10.797051488276153,1.7229485117238459,0.02290395363757466,0.0,1984,101.1069
1984-10-31,12.16,9.74,10.124549819073263,2.0354501809267376,0.015032557354342897,0.0,1984,101.01089999999999
1984-11-30,11.57,8.61,8.923802457314741,2.6461975426852598,0.01449347398898849,0.0,1984,100.9092
1984-12-31,11.5,8.06,8.341901417037228,3.158098582962774,0.017381899283069466,0.0,1984,100.8406
1985-01-31,11.38,7.76,8.025196464878857,3.3548035351211443,0.018900606191521563,0.0,1985,100.8399
1985-02-28,11.51,8.27,8.563886785504645,2.9461132144953552,0.01984633071902761,0.0,1985,100.8014
1985-03-31,11.86,8.52,8.828469130166688,3.0315308698333108,0.019163162922137076,0.0,1985,100.77335
1985-04-30,11.43,7.95,8.225719351807362,3.204280648192636,0.01566029668150457,0.0,1985,100.76634999999999
1985-05-31,10.85,7.48,7.730046897845146,3.1199531021548528,0.005351304382327927,0.0,1985,100.76644999999999
1985-06-30,10.16,6.95,7.172535275980383,2.987464724019617,0.004393752114900677,0.0,1985,100.814
1985-07-31,10.31,7.08,7.309142622466745,3.0008573775332548,0.010042961735510277,0.0,1985,100.781
1985-08-31,10.33,7.14,7.37222300486616,2.9577769951338397,0.04620420361185714,0.0,1985,100.69845000000001
1985-09-30,10.37,7.1,7.3301672517034895,3.0398327482965097,0.052195757863770974,0.0,1985,100.61775
1985-10-31,10.24,7.16,7.3932541294608765,2.846745870539124,0.03424722547114818,0.0,1985,100.57615
1985-11-30,9.78,7.24,7.4774002890680435,2.3025997109319563,0.013610184434609207,0.0,1985,100.6628
1985-12-31,9.26,7.1,7.3301672517034895,1.9298327482965103,0.005664615130615103,0.0,1985,100.82140000000001
1986-01-31,9.19,7.07,7.29863111953826,1.89136888046174,0.003943251112591125,0.0,1986,100.95715
1986-02-28,8.7,7.06,7.288120157680652,1.4118798423193477,0.008238165709777449,0.0,1986,101.02195
1986-03-31,7.78,6.56,6.76326100809422,1.0167389919057808,0.007098121168899235,0.0,1986,101.0401
1986-04-30,7.3,6.06,6.239749225214917,1.0602507747850842,0.005209417333848442,0.0,1986,101.06309999999999
1986-05-31,7.71,6.15,6.333882142811795,1.376117857188205,0.006066877557715168,0.0,1986,101.0972
1986-06-30,7.8,6.21,6.3966615953936925,1.403338404606307,0.007667588296914438,0.0,1986,101.15735000000001
1986-07-31,7.3,5.83,5.999384823060508,1.300615176939492,0.007490403310711055,0.0,1986,101.11175
1986-08-31,7.17,5.53,5.686292020372559,1.4837079796274413,0.008073566363543809,0.0,1986,100.98595
1986-09-30,7.45,5.21,5.352856747571981,2.097143252428018,0.0069951153573111855,0.0,1986,100.8636
1986-10-31,7.43,5.18,5.321625213700953,2.1083747862990467,0.009764134559253256,0.0,1986,100.79885
1986-11-30,7.25,5.35,5.498667395035358,1.7513326049646416,0.02324893126474101,0.0,1986,100.67425
1986-12-31,7.11,5.53,5.686292020372559,1.4237079796274417,0.03963956465208046,0.0,1986,100.5669
1987-01-31,7.08,5.43,5.5820347452407155,1.4979652547592837,0.041767232779186765,0.0,1987,100.54405
1987-02-28,7.25,5.59,5.7488720478336806,1.5011279521663194,0.07678707355808766,0.0,1987,100.57565
1987-03-31,7.25,5.59,5.7488720478336806,1.5011279521663194,0.1196185529466258,0.0,1987,100.64275
1987-04-30,8.02,5.64,5.801036781041717,2.2189632189582813,0.1142100230362737,0.0,1987,100.71780000000001
1987-05-31,8.61,5.66,5.821906420019309,2.7880935799806887,0.08010247417716893,0.0,1987,100.75965
1987-06-30,8.4,5.67,5.832342042321574,2.567657957678426,0.0775692838601626,0.0,1987,100.82515000000001
1987-07-31,8.45,5.69,5.8532148927589365,2.5967851072410633,0.08745585473224632,0.0,1987,100.90559999999999
1987-08-31,8.76,6.04,6.2188367057485445,2.5411632942514557,0.07044468710569171,0.0,1987,100.9151
1987-09-30,9.42,6.4,6.595590892663535,2.824409107336465,0.03138680053081793,0.0,1987,100.79695000000001
1987-10-31,9.52,6.13,6.312959957022947,3.2070400429770523,0.030887919032423206,0.0,1987,100.56290000000001
1987-11-30,8.86,5.69,5.8532148927589365,3.006785107241063,0.05030603454897475,0.0,1987,100.37544
1987-12-31,8.99,5.77,5.936727711654399,3.0532722883456014,0.07571379492721021,0.0,1987,100.42855
1988-01-31,8.67,5.81,5.9784969760051005,2.6915030239948994,0.06923509396714303,0.0,1988,100.61255
1988-02-29,8.21,5.66,5.821906420019309,2.3880935799806906,0.06896895064606992,0.0,1988,100.78295
1988-03-31,8.37,5.7,5.863652120976401,2.5063478790235982,0.06896895064606992,0.0,1988,100.90129999999999
1988-04-30,8.72,5.91,6.082957651515602,2.6370423484844,0.026317485168186973,0.0,1988,100.93854999999999
1988-05-31,9.09,6.26,6.448992586579751,2.6410074134202493,0.01077625012880014,0.0,1988,101.00595
1988-06-30,8.92,6.46,6.658451028376143,2.2615489716238555,0.015439539249085097,0.0,1988,101.05885
1988-07-31,9.06,6.73,6.941561683947217,2.1184383160527838,0.014737860017886644,0.0,1988,101.115
1988-08-31,9.26,7.06,7.288120157680652,1.9718798423193482,0.016102521034142,0.0,1988,101.2036
1988-09-30,8.98,7.24,7.4774002890680435,1.5025997109319569,0.010139348788382073,0.0,1988,101.20885
1988-10-31,8.8,7.35,7.593157879095359,1.2068421209046418,0.005183279484988606,0.0,1988,101.1258
1988-11-30,8.96,7.76,8.025196464878857,0.9348035351211444,0.007413137764549273,0.0,1988,101.05930000000001
1988-12-31,9.11,8.07,8.352466693491651,0.7575333065083463,0.006831159365795018,0.0,1988,101.0594
1989-01-31,9.09,8.27,8.563886785504645,0.5261132144953553,0.012642470242488916,0.0,1989,101.1234
1989-02-28,9.17,8.53,8.839059532809804,0.3309404671901959,0.020429241362387832,0.0,1989,101.07300000000001
1989-03-31,9.36,8.82,9.146419420990997,0.21358057900900285,0.01701068961021184,0.0,1989,100.9359
1989-04-30,9.18,8.65,8.966187059553544,0.2138129404464557,0.013813318041374765,0.0,1989,100.77414999999999
1989-05-31,8.86,8.43,8.733180124128404,0.12681987587159504,0.013725023185035585,0.0,1989,100.67685
1989-06-30,8.28,8.15,8.43700853840296,-0.1570085384029607,0.024715192841148988,0.0,1989,100.6631
1989-07-31,8.02,7.88,8.151819633975872,-0.13181963397587282,0.030446509966726862,0.0,1989,100.7156
1989-08-31,8.11,7.9,8.17293111609332,-0.06293111609332057,0.0374154073260632,0.0,1989,100.78960000000001
1989-09-30,8.19,7.75,8.01464807088873,0.17535192911126884,0.06884537023748351,0.0,1989,100.90385
1989-10-31,8.01,7.64,7.898651626579532,0.11134837342046744,0.09727584794410657,0.0,1989,100.88835
1989-11-30,7.87,7.69,7.951369127832385,-0.08136912783238515,0.13028802582885649,0.0,1989,100.80285
1989-12-31,7.84,7.63,7.888109756874746,-0.04810975687474617,0.15557341140715736,0.0,1989,100.75505
1990-01-31,8.21,7.64,7.898651626579532,0.3113483734204685,0.19315470143558855,0.0,1990,100.16067666666667
1990-02-28,8.47,7.74,8.00410022082035,0.4658997791796509,0.22880583357790835,0.0,1990,100.15898
1990-03-31,8.59,7.9,8.17293111609332,0.41706888390667984,0.2519083555760474,0.0,1990,100.19820333333332
1990-04-30,8.79,7.77,8.035745402832804,0.7542545971671952,0.25186142930195715,0.0,1990,100.24471
1990-05-31,8.76,7.74,8.00410022082035,0.7558997791796501,0.2697474491428452,0.0,1990,100.21164666666668
1990-06-30,8.48,7.73,7.993552914631648,0.4864470853683516,0.3321755934604309,0.0,1990,100.08976666666666
1990-07-31,8.47,7.62,7.877568430587161,0.5924315694128408,0.32640635484812064,0.0,1990,99.84276
1990-08-31,8.75,7.45,7.698448985831796,1.0515510141682043,0.3108421722061253,1.0,1990,99.42985
1990-09-30,8.89,7.36,7.603684548986932,1.2863154510130697,0.25969118034620314,1.0,1990,99.02587999999999
1990-10-31,8.72,7.17,7.403770503907912,1.316229496092089,0.2729937886318228,1.0,1990,98.74550666666669
1990-11-30,8.39,7.06,7.288120157680652,1.1018798423193488,0.3149763797548064,1.0,1990,98.71096666666666
1990-12-31,8.08,6.74,6.952054813876189,1.127945186123811,0.30753609054307834,1.0,1990,98.85823333333333
1991-01-31,8.09,6.22,6.407126718477572,1.6828732815224263,0.2325778943715281,1.0,1991,99.15209666666665
1991-02-28,7.85,5.94,6.114306309233136,1.7356936907668636,0.20377449970448372,1.0,1991,99.57411
1991-03-31,8.11,5.91,6.082957651515602,2.0270423484843985,0.21263707369791848,1.0,1991,100.00162999999999
1991-04-30,8.04,5.65,5.81147133293975,2.228528667060249,0.156069687037453,0.0,1991,100.11895333333332
1991-05-31,8.07,5.46,5.613306316004724,2.456693683995275,0.15582053691491715,0.0,1991,100.05766999999999
1991-06-30,8.28,5.57,5.7280098993805275,2.551990100619471,0.2001120676196139,0.0,1991,99.97134999999999
1991-07-31,8.27,5.58,5.738440706160393,2.5315592938396065,0.1818574459643744,0.0,1991,99.86685666666666
1991-08-31,7.9,5.33,5.4778308977876105,2.4221691022123912,0.11527723429033206,0.0,1991,99.74700333333334
1991-09-30,7.65,5.22,5.363268325555707,2.286731674444292,0.08890356313568509,0.0,1991,99.59976
1991-10-31,7.53,4.99,5.1239369030079684,2.406063096992031,0.0858952323897087,0.0,1991,99.35854333333334
1991-11-30,7.42,4.56,4.677246393428248,2.7427536065717506,0.10920071949043658,0.0,1991,99.08492
1991-12-31,7.09,4.07,4.169423033581882,2.9205769664181176,0.10614571917067014,0.0,1991,98.93479
1992-01-31,7.03,3.8,3.890144779577161,3.13985522042284,0.054959336626621405,0.0,1992,98.94010666666668
1992-02-29,7.34,3.84,3.9314950452391213,3.4085049547608786,0.05134036388996067,0.0,1992,99.11097000000001
1992-03-31,7.54,4.04,4.138373096814243,3.4016269031857562,0.034653152870060495,0.0,1992,99.40620666666666
1992-04-30,7.48,3.75,3.8384688190135674,3.6415311809864335,0.025950219073308526,0.0,1992,99.70508
1992-05-31,7.39,3.63,3.7145003023577168,3.6754996976422825,0.018381465006366542,0.0,1992,99.97247333333333
1992-06-30,7.26,3.66,3.745485314972353,3.5145146850276467,0.015828708309116268,0.0,1992,100.16100666666667
1992-07-31,6.84,3.21,3.2812075986567684,3.558792401343232,0.016348796004764462,0.0,1992,100.24244666666668
1992-08-31,6.59,3.13,3.1987807981874368,3.391219201812563,0.019389087917157675,0.0,1992,100.28447
1992-09-30,6.42,2.91,2.97228026491534,3.44771973508466,0.023806788907673702,0.0,1992,100.33368333333334
1992-10-31,6.59,2.86,2.9208382601552216,3.669161739844778,0.019874976827176132,0.0,1992,100.46206333333333
1992-11-30,6.87,3.13,3.1987807981874368,3.6712192018125633,0.011620091400390106,0.0,1992,100.73647999999999
1992-12-31,6.77,3.22,3.2915133119630964,3.478486688036904,0.008608859121475401,0.0,1992,100.96525000000001
1993-01-31,6.6,3.0,3.064908892434293,3.5350911075657057,0.00585394736594565,0.0,1993,101.0421
1993-02-28,6.26,2.93,2.9928607349376786,3.267139265062321,0.0035631523323354283,0.0,1993,101.01040333333333
1993-03-31,5.98,2.95,3.013443301508051,2.9665566984919494,0.0036099250590816007,0.0,1993,100.95109000000001
1993-04-30,5.97,2.87,2.931125613233561,3.0388743867664387,0.002267092648351818,0.0,1993,100.88394
1993-05-31,6.04,2.96,3.0237353710988666,3.016264628901133,0.0021189311382515197,0.0,1993,100.80107666666667
1993-06-30,5.96,3.07,3.136982746384932,2.823017253615068,0.002907918460278784,0.0,1993,100.76307666666666
1993-07-31,5.81,3.04,3.106090804448405,2.7039091955515944,0.002668015265266328,0.0,1993,100.74515333333333
1993-08-31,5.68,3.02,3.0854987994462166,2.594501200553783,0.0036817485785212156,0.0,1993,100.77667333333333
1993-09-30,5.36,2.95,3.013443301508051,2.3465566984919493,0.003306725001748503,0.0,1993,100.82078999999999
1993-10-31,5.33,3.02,3.0854987994462166,2.2445012005537834,0.0021458907254939454,0.0,1993,100.84922666666667
1993-11-30,5.72,3.1,3.167879410603647,2.552120589396353,0.0021371050543032904,0.0,1993,100.83107333333334
1993-12-31,5.77,3.06,3.126684907761536,2.643315092238464,0.0031172890039188753,0.0,1993,100.83710666666667
1994-01-31,5.75,2.98,3.044321083092025,2.705678916907975,0.0027941126070794237,0.0,1994,100.80475999999999
1994-02-28,5.97,3.25,3.32243360384268,2.6475663961573197,0.004642217879262642,0.0,1994,100.6651
1994-03-31,6.48,3.5,3.5802867031935315,2.899713296806469,0.007951580893580555,0.0,1994,100.48886666666665
1994-04-30,6.97,3.68,3.7661446253370237,3.203855374662976,0.007006938505206682,0.0,1994,100.35076666666667
1994-05-31,7.18,4.14,4.241891393432269,2.9381086065677313,0.007291035283133113,0.0,1994,100.24262666666668
1994-06-30,7.1,4.14,4.241891393432269,2.8581086065677317,0.010163140089658705,0.0,1994,100.15392333333334
1994-07-31,7.3,4.33,4.438721933428579,2.8612780665714217,0.012388094523658721,0.0,1994,100.11620999999998
1994-08-31,7.24,4.48,4.5942495459694666,2.6457504540305328,0.014791870986396671,0.0,1994,100.1741
1994-09-30,7.46,4.62,4.739516318067835,2.7204836819321647,0.021760744757443613,0.0,1994,100.28571333333333
1994-10-31,7.74,4.95,5.082342814466005,2.6576571855339943,0.02534651344724762,0.0,1994,100.44581333333332
1994-11-30,7.96,5.29,5.436164309357827,2.5238356906421737,0.015825432718048867,0.0,1994,100.63686666666666
1994-12-31,7.81,5.6,5.7593039244415385,2.050696075558461,0.013673859812300378,0.0,1994,100.86606666666667
1995-01-31,7.78,5.71,5.874089884581313,1.9059101154186864,0.0123521719513562,0.0,1995,101.06509999999999
1995-02-28,7.47,5.77,5.936727711654399,1.533272288345601,0.013580035210882259,0.0,1995,101.15253333333334
1995-03-31,7.2,5.73,5.894967018118262,1.3050329818817383,0.008922503707180765,0.0,1995,101.16966666666667
1995-04-30,7.06,5.65,5.81147133293975,1.24852866706025,0.0052134560706443775,0.0,1995,101.20373333333333
1995-05-31,6.63,5.67,5.832342042321574,0.7976579576784255,0.008352825568558304,0.0,1995,101.22449999999999
1995-06-30,6.17,5.47,5.6237312416712975,0.5462687583287016,0.009577959788040085,0.0,1995,101.25763333333333
1995-07-31,6.28,5.42,5.571611956927664,0.7083880430723362,0.009526585858820772,0.0,1995,101.2416
1995-08-31,6.49,5.4,5.550767982967505,0.939232017032494,0.013620044142158044,0.0,1995,101.13969999999999
1995-09-30,6.2,5.28,5.425748996608063,0.774251003391937,0.012055177165143876,0.0,1995,100.95706666666668
1995-10-31,6.04,5.28,5.425748996608063,0.6142510033919368,0.013359557308396476,0.0,1995,100.84256666666666
1995-11-30,5.93,5.36,5.509086444561087,0.4209135554389132,0.016549185432414317,0.0,1995,100.80363333333332
1995-12-31,5.71,5.14,5.279990633863424,0.43000936613657625,0.03352113048728498,0.0,1995,100.84273333333334
1996-01-31,5.65,5.0,5.134336756224505,0.5156632437754958,0.040952244233087985,0.0,1996,100.89476666666667
1996-02-29,5.81,4.83,4.957611640116118,0.8523883598838813,0.06630853418137396,0.0,1996,100.96063333333332
1996-03-31,6.27,4.96,5.092740538034646,1.1772594619653525,0.08701217192942946,0.0,1996,101.03320000000001
1996-04-30,6.51,4.95,5.082342814466005,1.4276571855339937,0.09281486465556504,0.0,1996,101.02513333333333
1996-05-31,6.74,5.02,5.155138060241092,1.584861939758908,0.14958440653705465,0.0,1996,100.98386666666666
1996-06-30,6.91,5.09,5.227959403221616,1.6820405967783838,0.18967674821855876,0.0,1996,101.0018
1996-07-31,6.87,5.15,5.2903984790895935,1.5796015209104066,0.1631214595925023,0.0,1996,101.05323333333332
1996-08-31,6.64,5.05,5.186344010838355,1.4536559891616443,0.12969504384975422,0.0,1996,101.09253333333334
1996-09-30,6.83,5.09,5.227959403221616,1.6020405967783835,0.15305917053691775,0.0,1996,101.12416666666667
1996-10-31,6.53,4.99,5.1239369030079684,1.4060630969920311,0.17823276208303496,0.0,1996,101.1592
1996-11-30,6.2,5.03,5.165539511122954,1.0344604888770474,0.21193122442174175,0.0,1996,101.1404
1996-12-31,6.3,4.91,5.040757242880315,1.2592427571196847,0.21026677739073613,0.0,1996,100.9903
1997-01-31,6.58,5.03,5.165539511122954,1.4144604888770471,0.1949731280325193,0.0,1997,100.77046666666666
1997-02-28,6.42,5.01,5.144737141955245,1.275262858044755,0.14166655668978367,0.0,1997,100.66142666666667
1997-03-31,6.69,5.14,5.279990633863424,1.410009366136577,0.10053566927747133,0.0,1997,100.65834666666667
1997-04-30,6.89,5.16,5.300806857443927,1.5891931425560726,0.07535800249727816,0.0,1997,100.74610333333334
1997-05-31,6.71,5.05,5.186344010838355,1.5236559891616448,0.06220574133580575,0.0,1997,100.89386666666667
1997-06-30,6.49,4.93,5.061548964217131,1.4284510357828692,0.055017961431524584,0.0,1997,101.05013333333333
1997-07-31,6.22,5.05,5.186344010838355,1.0336559891616446,0.06261479926618478,0.0,1997,101.1629
1997-08-31,6.3,5.14,5.279990633863424,1.020009366136576,0.07304745058270246,0.0,1997,101.18316666666665
1997-09-30,6.21,4.95,5.082342814466005,1.1276571855339936,0.060884410993707484,0.0,1997,101.16963333333335
1997-10-31,6.03,4.97,5.103138793953932,0.9268612060460688,0.07731910673429555,0.0,1997,101.13286666666666
1997-11-30,5.88,5.14,5.279990633863424,0.6000093661365762,0.11739435025068072,0.0,1997,101.10726666666666
1997-12-31,5.81,5.16,5.300806857443927,0.5091931425560725,0.0916931477552224,0.0,1997,101.10239999999999
1998-01-31,5.54,5.04,5.175941494641736,0.3640585053582637,0.07655192602121498,0.0,1998,101.17156666666666
1998-02-28,5.57,5.09,5.227959403221616,0.34204059677838394,0.0900346988414153,0.0,1998,101.1358
1998-03-31,5.65,5.03,5.165539511122954,0.4844604888770476,0.07695785364115755,0.0,1998,100.95961666666666
1998-04-30,5.64,4.95,5.082342814466005,0.5576571855339933,0.061870507875631565,0.0,1998,100.79212333333332
1998-05-31,5.65,5.0,5.134336756224505,0.5156632437754958,0.06709595772526998,0.0,1998,100.58640333333334
1998-06-30,5.5,4.98,5.113537582264742,0.3864624177352578,0.07528663690733135,0.0,1998,100.37238
1998-07-31,5.46,4.96,5.092740538034646,0.3672594619653529,0.1174946830732242,0.0,1998,100.21031333333333
1998-08-31,5.34,4.9,5.030362180451763,0.3096378195482368,0.11920587156167947,0.0,1998,100.14735
1998-09-30,4.81,4.61,4.7291366701245545,0.08086332987544509,0.10617913359006972,0.0,1998,100.11335000000001
1998-10-31,4.53,3.96,4.055596521176982,0.4744034788230183,0.13135621127656644,0.0,1998,100.14205666666665
1998-11-30,4.83,4.41,4.521655150793472,0.30834484920652905,0.18059341624484848,0.0,1998,100.25245999999999
1998-12-31,4.65,4.39,4.500918666614607,0.14908133338539376,0.19610420675253065,0.0,1998,100.39990666666665
1999-01-31,4.72,4.34,4.449086730930942,0.2709132690690588,0.22250840703981148,0.0,1999,100.59421333333334
1999-02-28,5.0,4.44,4.552763852976574,0.4472361470234256,0.2266840612336473,0.0,1999,100.73190333333334
1999-03-31,5.23,4.44,4.552763852976574,0.677236147023426,0.2004644289215564,0.0,1999,100.75281
1999-04-30,5.18,4.29,4.397268040846277,0.7827319591537227,0.18772875303004385,0.0,1999,100.7634
1999-05-31,5.54,4.5,4.614995574661778,0.925004425338222,0.1949731280325193,0.0,1999,100.82247333333333
1999-06-30,5.9,4.57,4.687623387167258,1.212376612832743,0.2183049312235566,0.0,1999,100.87607333333334
1999-07-31,5.79,4.55,4.666869930407928,1.1231300695920725,0.22190502475946974,0.0,1999,100.88915666666666
1999-08-31,5.94,4.72,4.84334200719248,1.0966579928075202,0.23290885993054464,0.0,1999,100.92784666666667
1999-09-30,5.92,4.68,4.801805357377778,1.1181946426222211,0.2794465267651733,0.0,1999,100.97839666666668
1999-10-31,6.11,4.86,4.988787251383243,1.1212127486167571,0.2022539450350629,0.0,1999,101.02030666666667
1999-11-30,6.03,5.07,5.207150641428778,0.8228493585712222,0.23315920309081434,0.0,1999,101.13439333333332
1999-12-31,6.28,5.2,5.342445702962271,0.9375542970377292,0.26511056761697743,0.0,1999,101.27885666666667
2000-01-31,6.66,5.32,5.467413449983502,1.1925865500164994,0.2404710578236439,0.0,2000,101.427
2000-02-29,6.52,5.55,5.707149890336512,0.8128501096634873,0.20713556078993947,0.0,2000,101.48415333333332
2000-03-31,6.26,5.69,5.8532148927589365,0.4067851072410633,0.16802719276510092,0.0,2000,101.47866666666668
2000-04-30,5.99,5.66,5.821906420019309,0.16809357998068994,0.15179404102162905,0.0,2000,101.50056666666667
2000-05-31,6.44,5.79,5.957611272313027,0.4823887276869732,0.13160680439696906,0.0,2000,101.52069999999999
2000-06-30,6.1,5.69,5.8532148927589365,0.2467851072410632,0.09667469225901516,0.0,2000,101.5027
2000-07-31,6.05,5.96,6.135208096195912,-0.0852080961959123,0.1067053776475937,0.0,2000,101.51513333333332
2000-08-31,5.83,6.09,6.271122031066578,-0.4411220310665769,0.10982027023788768,0.0,2000,101.5202
2000-09-30,5.8,6.0,6.177018107970892,-0.3770181079708914,0.10728122661233737,0.0,2000,101.50316666666667
2000-10-31,5.74,6.11,6.292039919884867,-0.5520399198848658,0.1069288186530592,0.0,2000,101.46106666666667
2000-11-30,5.72,6.17,6.354806477582453,-0.634806477582452,0.14590400093755426,0.0,2000,101.35563333333334
2000-12-31,5.24,5.77,5.936727711654399,-0.6967277116543986,0.12991947337715984,0.0,2000,101.13103333333333
2001-01-31,5.16,5.15,5.2903984790895935,-0.13039847908959334,0.09883690817396347,0.0,2001,100.90620000000001
2001-02-28,5.1,4.88,5.009573651870069,0.090426348129931,0.14735751983292555,0.0,2001,100.74046666666668
2001-03-31,4.89,4.42,4.532024188025209,0.3579758119747911,0.21453182197992093,0.0,2001,100.67916666666667
2001-04-30,5.14,3.87,3.962513286222472,1.1774867137775282,0.26118277558913816,1.0,2001,100.6767
2001-05-31,5.39,3.62,3.704173018773454,1.6858269812265458,0.2008322924995472,1.0,2001,100.72573333333332
2001-06-30,5.28,3.49,3.5699662662919915,1.7100337337080087,0.2452496270708984,1.0,2001,100.76029999999999
2001-07-31,5.24,3.51,3.5906076665212088,1.6493923334787914,0.3158401075087463,1.0,2001,100.71589999999999
2001-08-31,4.97,3.36,3.4358484730309424,1.534151526969057,0.3997208346850151,1.0,2001,100.53963333333333
2001-09-30,4.73,2.64,2.694648957375553,2.0353510426244465,0.3841315717996557,1.0,2001,100.29276666666665
2001-10-31,4.57,2.16,2.202023045830233,2.3679769541697673,0.4270621404690134,1.0,2001,100.1794
2001-11-30,4.65,1.87,1.9049769423968799,2.7450230576031203,0.4477027474421636,1.0,2001,100.22983666666666
2001-12-31,5.09,1.69,1.720823484546902,3.3691765154530984,0.4632412219284597,0.0,2001,100.40320000000001
2002-01-31,5.04,1.65,1.6799233469596109,3.3600766530403887,0.3260820729898189,0.0,2002,100.57443333333333
2002-02-28,4.91,1.72,1.7515040392283336,3.1584959607716665,0.27741437922743184,0.0,2002,100.69726666666668
2002-03-31,5.28,1.79,1.8231101782481904,3.4568898217518105,0.22365757267153305,0.0,2002,100.80886666666667
2002-04-30,5.21,1.71,1.7412766683991554,3.4687233316008443,0.10051032746914283,0.0,2002,100.84516666666667
2002-05-31,5.16,1.73,1.7617319293789482,3.398268070621052,0.05475178072760616,0.0,2002,100.8399
2002-06-30,4.93,1.7,1.7310498168518609,3.1989501831481397,0.05307404155261821,0.0,2002,100.73086666666667
2002-07-31,4.65,1.68,1.7105976714447353,2.939402328555265,0.05735574207510288,0.0,2002,100.57600000000001
2002-08-31,4.26,1.62,1.6492536938764242,2.610746306123576,0.06623689694971995,0.0,2002,100.44106666666669
2002-09-30,3.87,1.63,1.6594763925920324,2.210523607407968,0.03425198896494525,0.0,2002,100.32142666666668
2002-10-31,3.94,1.58,1.6083680878798714,2.3316319121201285,0.02106521833256149,0.0,2002,100.22478000000001
2002-11-30,4.05,1.23,1.2509728163147251,2.7990271836852747,0.011576528380959223,0.0,2002,100.22087666666665
2002-12-31,4.03,1.19,1.2101680304449132,2.819831969555087,0.003838113262533679,0.0,2002,100.20491666666665
2003-01-31,4.05,1.17,1.1897687410516602,2.86023125894834,0.003904382501581961,0.0,2003,100.08487000000001
2003-02-28,3.9,1.17,1.1897687410516602,2.7102312589483395,0.005660552297736295,0.0,2003,99.88314000000001
2003-03-31,3.81,1.13,1.148976367774953,2.6610236322250467,0.0032492085884527518,0.0,2003,99.62088666666666
2003-04-30,3.96,1.13,1.148976367774953,2.8110236322250466,0.003176317195042211,0.0,2003,99.36102666666666
2003-05-31,3.57,1.07,1.0878033169157804,2.4821966830842195,0.0036329657232956414,0.0,2003,99.29421333333335
2003-06-30,3.33,0.92,0.9349520607368024,2.3950479392631983,0.0052602414645813115,0.0,2003,99.43485666666668
2003-07-31,3.98,0.9,0.9145806710265856,3.0654193289734137,0.00833419959332777,0.0,2003,99.66234333333334
2003-08-31,4.45,0.95,0.9655130166747647,3.4844869833252354,0.014411372883132116,0.0,2003,99.83834
2003-09-30,4.27,0.94,0.955325515126776,3.3146744848732235,0.026645123012646103,0.0,2003,99.97554333333333
2003-10-31,4.29,0.92,0.9349520607368024,3.3550479392631978,0.022256744770846944,0.0,2003,100.15379333333333
2003-11-30,4.3,0.93,0.9451385298272024,3.3548614701727977,0.010580928897486307,0.0,2003,100.3676
2003-12-31,4.27,0.9,0.9145806710265856,3.3554193289734138,0.010217770271034664,0.0,2003,100.57030000000002
2004-01-31,4.15,0.88,0.8942113456822843,3.2557886543177164,0.009543526905593602,0.0,2004,100.73383333333334
2004-02-29,4.08,0.93,0.9451385298272024,3.134861470172799,0.012260180854129813,0.0,2004,100.69170000000001
2004-03-31,3.83,0.94,0.955325515126776,2.874674484873224,0.013286693347685568,0.0,2004,100.58819999999999
2004-04-30,4.35,0.94,0.955325515126776,3.3946744848732235,0.010370175858305058,0.0,2004,100.41084000000001
2004-05-31,4.72,1.02,1.0368399857632928,3.683160014236707,0.017666098463252955,0.0,2004,100.19200666666666
2004-06-30,4.73,1.27,1.2917858803943665,3.4382141196056337,0.020213201627976296,0.0,2004,100.08545666666667
2004-07-31,4.5,1.33,1.3530210036687231,3.146978996331277,0.006685901398145353,0.0,2004,100.08629333333333
2004-08-31,4.28,1.48,1.506190381125834,2.773809618874166,0.003081503681666055,0.0,2004,100.08559000000001
2004-09-30,4.13,1.65,1.6799233469596109,2.450076653040389,0.004250581593313412,0.0,2004,100.08665666666667
2004-10-31,4.1,1.76,1.792418716154983,2.3075812838450167,0.003941441956774736,0.0,2004,100.12729666666667
2004-11-30,4.19,2.07,2.109789473419668,2.0802105265803323,0.003942822191989168,0.0,2004,100.24442333333333
2004-12-31,4.23,2.19,2.2327769477197523,1.997223052280248,0.003938694237387149,0.0,2004,100.38577333333332
2005-01-31,4.22,2.33,2.376357194889791,1.8436428051102087,0.00474036975351685,0.0,2005,100.45522333333334
2005-02-28,4.17,2.54,2.5919193398950933,1.5780806601049069,0.00590674236517141,0.0,2005,100.44596333333334
2005-03-31,4.5,2.74,2.797430872604869,1.7025691273951309,0.00931209462169335,0.0,2005,100.37620666666668
2005-04-30,4.34,2.78,2.8385582910127884,1.501441708987211,0.003657762772846697,0.0,2005,100.29842666666666
2005-05-31,4.14,2.84,2.900265125528936,1.239734874471064,0.0020867568901749268,0.0,2005,100.30954000000001
2005-06-30,4.0,2.97,3.0340279649468385,0.9659720350531612,0.0033673106969466567,0.0,2005,100.40444333333333
2005-07-31,4.18,3.22,3.2915133119630964,0.8884866880369038,0.005779357820402334,0.0,2005,100.3507
2005-08-31,4.26,3.44,3.5183719767668635,0.7416280232331363,0.011036147302288442,0.0,2005,100.07373
2005-09-30,4.2,3.42,3.4977379445304653,0.7022620554695349,0.01857105660253171,0.0,2005,99.72807999999999
2005-10-31,4.46,3.71,3.7971375446233417,0.6628624553766582,0.02307608448671038,0.0,2005,99.61394
2005-11-30,4.54,3.88,3.9728537556680914,0.5671462443319086,0.03215149544106603,0.0,2005,99.8094
2005-12-31,4.47,3.89,3.9831947530733456,0.4868052469266542,0.036124793105198026,0.0,2005,100.1177
2006-01-31,4.42,4.24,4.345462591283916,0.07453740871608261,0.04453482106419401,0.0,2006,100.27410666666667
2006-02-28,4.57,4.43,4.542393755406024,0.027606244593977536,0.0627334535355321,0.0,2006,100.25281000000001
2006-03-31,4.72,4.51,4.625369384699289,0.09463061530071036,0.05358699974890986,0.0,2006,100.19096333333334
2006-04-30,4.99,4.6,4.718757553103588,0.2712424468964123,0.06894259083259889,0.0,2006,100.06431666666667
2006-05-31,5.11,4.72,4.84334200719248,0.2666579928075201,0.09374309121835406,0.0,2006,99.91984666666667
2006-06-30,5.11,4.79,4.9160516037094695,0.19394839629053084,0.12615423283369842,0.0,2006,99.90085333333332
2006-07-31,5.09,4.95,5.082342814466005,0.007657185533993527,0.13660239868261345,0.0,2006,99.93257333333334
2006-08-31,4.88,4.96,5.092740538034646,-0.2127405380346472,0.1579906193969587,0.0,2006,100.02965333333334
2006-09-30,4.72,4.81,4.936830558437041,-0.21683055843704133,0.16407874012050988,0.0,2006,100.25070000000001
2006-10-31,4.73,4.92,5.051152837455151,-0.3211528374551493,0.17032241358384928,0.0,2006,100.5056
2006-11-30,4.6,4.94,5.071945623207126,-0.4719456232071266,0.18611511992129,0.0,2006,100.66420000000001
2006-12-31,4.56,4.85,4.9783948490732906,-0.4183948490732909,0.20004858037466444,0.0,2006,100.74706666666667
2007-01-31,4.76,4.98,5.113537582264742,-0.3535375822647424,0.2807947503068507,0.0,2007,100.74053333333335
2007-02-28,4.72,5.03,5.165539511122954,-0.4455395111229529,0.290894046693915,0.0,2007,100.60926666666666
2007-03-31,4.56,4.94,5.071945623207126,-0.5119456232071267,0.27652326168715946,0.0,2007,100.48223333333334
2007-04-30,4.69,4.87,4.999180185635222,-0.3091801856352205,0.24040621682124202,0.0,2007,100.46106666666667
2007-05-31,4.75,4.73,4.853727497970879,-0.10372749797087888,0.2413101131001662,0.0,2007,100.50553333333333
2007-06-30,5.1,4.61,4.7291366701245545,0.3708633298754451,0.255889756941448,0.0,2007,100.53190000000001
2007-07-31,5.0,4.82,4.947220833387231,0.052779166612768165,0.29523778392245553,0.0,2007,100.52266666666667
2007-08-31,4.67,4.2,4.304027761400199,0.36597223859980144,0.3450809960132244,0.0,2007,100.40574666666667
2007-09-30,4.52,3.89,3.9831947530733456,0.536805246926654,0.3460354522351197,0.0,2007,100.24403333333332
2007-10-31,4.53,3.9,3.9935362784786688,0.5364637215213315,0.3706961071389853,0.0,2007,100.04452666666667
2007-11-30,4.15,3.27,3.3430497587979304,0.8069502412020699,0.4072757424212883,0.0,2007,99.84384666666665
2007-12-31,4.1,3.0,3.064908892434293,1.0350911075657059,0.3941741462328126,0.0,2007,99.69964666666665
2008-01-31,3.74,2.75,2.8077119420415526,0.9322880579584476,0.378466533071563,1.0,2008,99.50281333333334
2008-02-29,3.74,2.12,2.1610251380453254,1.5789748619546748,0.4008013350569842,1.0,2008,99.18977666666667
2008-03-31,3.51,1.26,1.281581838154522,2.228418161845478,0.4171310604660979,1.0,2008,98.87339333333334
2008-04-30,3.68,1.29,1.3121955175501447,2.367804482449856,0.36783648804676544,1.0,2008,98.54013666666667
2008-05-31,3.88,1.73,1.7617319293789482,2.118268070621052,0.320020850908735,1.0,2008,98.29181
2008-06-30,4.1,1.86,1.894741777590974,2.2052582224090256,0.22122681303521105,1.0,2008,98.17118333333333
2008-07-31,4.01,1.63,1.6594763925920324,2.3505236074079674,0.28545588040121783,1.0,2008,98.21664666666668
2008-08-31,3.89,1.72,1.7515040392283336,2.1384959607716665,0.2221475547527047,1.0,2008,98.28455333333333
2008-09-30,3.69,1.13,1.148976367774953,2.5410236322250466,0.1913049079145819,1.0,2008,98.22370000000001
2008-10-31,3.81,0.67,0.6804579867625811,3.129542013237419,0.19136382571347366,1.0,2008,97.86718666666667
2008-11-30,3.53,0.19,0.19273145352309484,3.337268546476905,0.1482196779761669,1.0,2008,97.47906666666665
2008-12-31,2.42,0.03,0.03041897343881911,2.3895810265611814,0.11731574535312972,1.0,2008,97.20416666666667
2009-01-31,2.52,0.13,0.13184888256335345,2.3881511174366468,0.13062568696463847,1.0,2009,97.03942
2009-02-28,2.87,0.3,0.30439750143859096,2.565602498561409,0.06266366863484082,1.0,2009,96.95669333333335
2009-03-31,2.82,0.21,0.2130297499589365,2.6069702500410634,0.025954437320578318,1.0,2009,97.05372333333332
2009-04-30,2.93,0.16,0.162287858645052,2.767712141354948,0.02107074255572126,1.0,2009,97.33840333333335
2009-05-31,3.29,0.18,0.18258307529926115,3.107416924700739,0.030453933625046694,1.0,2009,97.63105
2009-06-30,3.72,0.18,0.18258307529926115,3.537416924700739,0.0268512535751571,1.0,2009,97.82829666666667
2009-07-31,3.56,0.18,0.18258307529926115,3.377416924700739,0.021630492954294648,0.0,2009,97.94071333333333
2009-08-31,3.59,0.17,0.17243521035289333,3.4175647896471064,0.029582318745147024,0.0,2009,98.07035666666667
2009-09-30,3.4,0.12,0.12170358342030416,3.278296416579696,0.016106079474506044,0.0,2009,98.23008333333333
2009-10-31,3.39,0.07,0.07098478258514075,3.3190152174148597,0.005963444883784885,0.0,2009,98.29806666666667
2009-11-30,3.4,0.05,0.0507008524688537,3.349299147531146,0.0040750078101558325,0.0,2009,98.34309666666667
2009-12-31,3.59,0.05,0.0507008524688537,3.5392991475311466,0.020382869502776763,0.0,2009,98.47209333333335
2010-01-31,3.73,0.06,0.060842561121770125,3.66915743887823,0.020427445943793268,0.0,2010,98.62053333333334
2010-02-28,3.69,0.11,0.11155879732114403,3.578441202678856,0.01549012141995146,0.0,2010,98.73949333333333
2010-03-31,3.73,0.15,0.15214102013680186,3.5778589798631986,0.014499056924649485,0.0,2010,98.87493333333335
2010-04-30,3.85,0.16,0.162287858645052,3.687712141354948,0.011148741128760891,0.0,2010,98.94400333333333
2010-05-31,3.42,0.16,0.162287858645052,3.2577121413549484,0.006204497901447675,0.0,2010,99.00330333333335
2010-06-30,3.2,0.12,0.12170358342030416,3.0782964165796964,0.002781504900728925,0.0,2010,98.98808333333334
2010-07-31,3.01,0.16,0.162287858645052,2.847712141354948,0.003778974633447489,0.0,2010,98.8277
2010-08-31,2.7,0.16,0.162287858645052,2.537712141354948,0.0035023733567355626,0.0,2010,98.64791333333335
2010-09-30,2.65,0.15,0.15214102013680186,2.497858979863198,0.004547510357884121,0.0,2010,98.45626333333333
2010-10-31,2.54,0.13,0.13184888256335345,2.4081511174366472,0.004216334775846358,0.0,2010,98.35116666666666
2010-11-30,2.76,0.14,0.14199469478921153,2.6180053052107883,0.0039841938192553,0.0,2010,98.32458000000001
2010-12-31,3.29,0.14,0.14199469478921153,3.1480053052107886,0.002771339421302709,0.0,2010,98.30243333333333
2011-01-31,3.39,0.15,0.15214102013680186,3.2378589798631983,0.0021459091255191104,0.0,2011,98.31886333333334
2011-02-28,3.58,0.13,0.13184888256335345,3.448151117436647,0.002567399851877799,0.0,2011,98.41676
2011-03-31,3.41,0.1,0.10141452422695738,3.308585475773042,0.00257033123728915,0.0,2011,98.55208333333333
2011-04-30,3.46,0.06,0.060842561121770125,3.39915743887823,0.0020678480010014786,0.0,2011,98.64905666666665
2011-05-31,3.17,0.04,0.0405596565874994,3.1294403434125004,0.004723607681071143,0.0,2011,98.69491333333332
2011-06-30,3.0,0.04,0.0405596565874994,2.9594403434125005,0.006534900787521452,0.0,2011,98.57391
2011-07-31,3.0,0.04,0.0405596565874994,2.9594403434125005,0.009748180447662458,0.0,2011,98.20949
2011-08-31,2.3,0.02,0.02027880298392863,2.279721197016072,0.016190650376624517,0.0,2011,97.80640000000001
2011-09-30,1.98,0.01,0.010139145183947705,1.9698608548160523,0.017238650157282206,0.0,2011,97.54465666666665
2011-10-31,2.15,0.02,0.02027880298392863,2.1297211970160714,0.01981140778736984,0.0,2011,97.41667333333334
2011-11-30,2.01,0.01,0.010139145183947705,1.999860854816052,0.014244093092122856,0.0,2011,97.50570333333333
2011-12-31,1.98,0.01,0.010139145183947705,1.9698608548160523,0.005768681640038003,0.0,2011,97.8661
2012-01-31,1.97,0.03,0.03041897343881911,1.9395810265611808,0.0048991865484863065,0.0,2012,98.27050666666666
2012-02-29,1.97,0.09,0.09127076409883247,1.878729235901168,0.0033039989085679104,0.0,2012,98.47813666666667
2012-03-31,2.17,0.08,0.08112751689786156,2.0888724831021386,0.004299040848142996,0.0,2012,98.49130666666666
2012-04-30,2.05,0.08,0.08112751689786156,1.9688724831021385,0.0036268520924804893,0.0,2012,98.49826999999999
2012-05-31,1.8,0.09,0.09127076409883247,1.7087292359011677,0.005964533313018356,0.0,2012,98.40695333333333
2012-06-30,1.62,0.09,0.09127076409883247,1.5287292359011675,0.008050330246777001,0.0,2012,98.13507333333332
2012-07-31,1.53,0.1,0.10141452422695738,1.4285854757730427,0.008050330246777001,0.0,2012,97.99132666666667
2012-08-31,1.68,0.1,0.10141452422695738,1.5785854757730426,0.024056810194165917,0.0,2012,98.10316999999999
2012-09-30,1.72,0.11,0.11155879732114403,1.608441202678856,0.037519824624893866,0.0,2012,98.40316666666666
2012-10-31,1.75,0.1,0.10141452422695738,1.6485854757730427,0.0299578447261966,0.0,2012,98.72216333333331
2012-11-30,1.65,0.09,0.09127076409883247,1.5587292359011675,0.03599258221147543,0.0,2012,98.79214999999999
2012-12-31,1.72,0.07,0.07098478258514075,1.6490152174148591,0.037519824624893866,0.0,2012,98.69342333333334
2013-01-31,1.91,0.07,0.07098478258514075,1.8390152174148593,0.0391145650125337,0.0,2013,98.71576999999998
2013-02-28,1.98,0.1,0.10141452422695738,1.8785854757730427,0.042486269240870886,0.0,2013,98.80115666666666
2013-03-31,1.96,0.09,0.09127076409883247,1.868729235901168,0.03175841500251698,0.0,2013,98.73498666666666
2013-04-30,1.76,0.06,0.060842561121770125,1.6991574388782298,0.037571027582506716,0.0,2013,98.64208333333333
2013-05-31,1.93,0.04,0.0405596565874994,1.8894403434125004,0.053163403136268016,0.0,2013,98.54494666666666
2013-06-30,2.3,0.05,0.0507008524688537,2.249299147531146,0.06667964224344447,0.0,2013,98.45461666666667
2013-07-31,2.58,0.04,0.0405596565874994,2.5394403434125006,0.07527455611738444,0.0,2013,98.41986666666666
2013-08-31,2.74,0.04,0.0405596565874994,2.6994403434125007,0.06269404949636179,0.0,2013,98.39292
2013-09-30,2.81,0.02,0.02027880298392863,2.789721197016072,0.06039774491087242,0.0,2013,98.38198333333334
2013-10-31,2.62,0.05,0.0507008524688537,2.5692991475311464,0.057414491773226224,0.0,2013,98.39479333333333
2013-11-30,2.72,0.07,0.07098478258514075,2.64901521741486,0.06425855329802035,0.0,2013,98.45226666666667
2013-12-31,2.9,0.07,0.07098478258514075,2.829015217414859,0.05738319512198125,0.0,2013,98.65165
2014-01-31,2.86,0.04,0.0405596565874994,2.8194403434125004,0.044810849387767714,0.0,2014,98.81029666666666
2014-02-28,2.71,0.05,0.0507008524688537,2.6592991475311463,0.0424945045974349,0.0,2014,98.99365999999999
2014-03-31,2.72,0.05,0.0507008524688537,2.6692991475311465,0.0430622087331108,0.0,2014,99.16289
2014-04-30,2.71,0.03,0.03041897343881911,2.6795810265611815,0.05382275064773037,0.0,2014,99.18619000000001
2014-05-31,2.56,0.03,0.03041897343881911,2.529581026561181,0.041876300778362345,0.0,2014,99.12162000000001
2014-06-30,2.6,0.04,0.0405596565874994,2.5594403434125006,0.02516748239874045,0.0,2014,99.11782666666666
2014-07-31,2.54,0.03,0.03041897343881911,2.509581026561181,0.01614646713850505,0.0,2014,99.11687666666667
2014-08-31,2.42,0.03,0.03041897343881911,2.3895810265611814,0.012479208220433741,0.0,2014,99.15150999999999
2014-09-30,2.53,0.02,0.02027880298392863,2.5097211970160718,0.010746976474472914,0.0,2014,99.24478666666666
2014-10-31,2.3,0.02,0.02027880298392863,2.279721197016072,0.015399253578663244,0.0,2014,99.36062333333332
2014-11-30,2.33,0.02,0.02027880298392863,2.309721197016072,0.013548187490319195,0.0,2014,99.56942
2014-12-31,2.21,0.03,0.03041897343881911,2.179581026561181,0.010060961535020464,0.0,2014,99.82940666666667
2015-01-31,1.88,0.03,0.03041897343881911,1.8495810265611807,0.010224504623529976,0.0,2015,100.06569999999999
2015-02-28,1.98,0.02,0.02027880298392863,1.9597211970160715,0.013323975398379614,0.0,2015,100.20917333333334
2015-03-31,2.04,0.03,0.03041897343881911,2.009581026561181,0.01310903419904386,0.0,2015,100.20542999999999
2015-04-30,1.94,0.02,0.02027880298392863,1.9197211970160712,0.012891165436431469,0.0,2015,100.19024999999999
2015-05-31,2.2,0.02,0.02027880298392863,2.179721197016072,0.016399923313086366,0.0,2015,100.11432333333335
2015-06-30,2.36,0.02,0.02027880298392863,2.3397211970160714,0.015642617333520792,0.0,2015,99.95834666666667
2015-07-31,2.32,0.03,0.03041897343881911,2.2895810265611813,0.0169245469896864,0.0,2015,99.7633
2015-08-31,2.17,0.07,0.07098478258514075,2.099015217414859,0.020382869502776763,0.0,2015,99.61654
2015-09-30,2.17,0.02,0.02027880298392863,2.1497211970160715,0.016920820798435376,0.0,2015,99.54529666666667
2015-10-31,2.07,0.02,0.02027880298392863,2.049721197016072,0.024056810194165917,0.0,2015,99.56302333333333
2015-11-30,2.26,0.12,0.12170358342030416,2.138296416579696,0.023002168382069636,0.0,2015,99.63441999999999
2015-12-31,2.24,0.23,0.2333300999720115,2.0066699000279886,0.02787563995747408,0.0,2015,99.66625333333333
2016-01-31,2.09,0.26,0.2637844761307015,1.8262155238692983,0.04418262389407904,0.0,2016,99.61537333333332
2016-02-29,1.78,0.31,0.3145520420307135,1.4654479579692865,0.0380478280340032,0.0,2016,99.476
2016-03-31,1.89,0.29,0.294243474591513,1.5957565254084867,0.03550880859400908,0.0,2016,99.29118666666666
2016-04-30,1.81,0.23,0.2333300999720115,1.5766699000279885,0.04019016860503356,0.0,2016,99.24286
2016-05-31,1.81,0.27,0.27393696197654904,1.536063038023451,0.02786996073300405,0.0,2016,99.35027333333333
2016-06-30,1.64,0.27,0.27393696197654904,1.3660630380234509,0.021986740004779973,0.0,2016,99.52470666666666
2016-07-31,1.5,0.3,0.30439750143859096,1.195602498561409,0.023705795969397248,0.0,2016,99.65156666666667
2016-08-31,1.56,0.3,0.30439750143859096,1.2556024985614092,0.03130319202828537,0.0,2016,99.69351333333333
2016-09-30,1.63,0.29,0.294243474591513,1.3357565254084869,0.02910762613045432,0.0,2016,99.74108999999999
2016-10-31,1.76,0.33,0.3348626646060589,1.4251373353939412,0.033567177310326594,0.0,2016,99.87474666666667
2016-11-30,2.14,0.45,0.4567695753920084,1.6832304246079917,0.02959081484739005,0.0,2016,100.11018
2016-12-31,2.49,0.51,0.5177508004068578,1.9722491995931424,0.035653133105240035,0.0,2016,100.33055333333334
2017-01-31,2.43,0.51,0.5177508004068578,1.9122491995931423,0.045581510461862915,0.0,2017,100.49555
2017-02-28,2.42,0.52,0.5279161386578136,1.8920838613421864,0.07201752429413748,0.0,2017,100.62706666666668
2017-03-31,2.48,0.74,0.7516838441685086,1.7283161558314912,0.0613651939776943,0.0,2017,100.70463333333333
2017-04-30,2.3,0.8,0.812754681689639,1.4872453183103609,0.06284367457374299,0.0,2017,100.77806666666667
2017-05-31,2.3,0.89,0.9043957503283082,1.3956042496716916,0.06608136066544187,0.0,2017,100.79879999999999
2017-06-30,2.19,0.98,0.9960786192016778,1.1939213807983222,0.08105384553519744,0.0,2017,100.83306666666668
2017-07-31,2.32,1.07,1.0878033169157804,1.2321966830842197,0.09850512646093533,0.0,2017,100.93829999999998
2017-08-31,2.21,1.01,1.0266488693773463,1.1833511306226536,0.09207313434107732,0.0,2017,101.16026666666669
2017-09-30,2.2,1.03,1.0470316187117181,1.1529683812882825,0.08397298898560455,0.0,2017,101.50666666666666
2017-10-31,2.36,1.07,1.0878033169157804,1.2721966830842195,0.07558487373417136,0.0,2017,101.8469
2017-11-30,2.35,1.23,1.2509728163147251,1.099027183685275,0.054934207255761015,0.0,2017,101.9427
2017-12-31,2.4,1.32,1.3428138555647344,1.0571861444352657,0.03739633073991886,0.0,2017,101.96126666666667
2018-01-31,2.58,1.41,1.4346968319585722,1.1453031680414278,0.04060101976958588,0.0,2018,102.0036
2018-02-28,2.86,1.57,1.5981479833996757,1.2618520166003244,0.041726855690747564,0.0,2018,102.0935
2018-03-31,2.84,1.7,1.7310498168518609,1.1089501831481392,0.051834138194235914,0.0,2018,102.10536666666667
2018-04-30,2.87,1.76,1.792418716154983,1.0775812838450172,0.07014307299753092,0.0,2018,102.03596666666665
2018-05-31,2.98,1.86,1.894741777590974,1.085258222409026,0.07828277069276691,0.0,2018,101.89723333333335
2018-06-30,2.91,1.9,1.9356855564642408,0.9743144435357596,0.09868996394677457,0.0,2018,101.71223333333334
2018-07-31,2.89,1.96,1.9971168265886208,0.8928831734113796,0.09454422336465657,0.0,2018,101.618
2018-08-31,2.89,2.03,2.0688103147065484,0.8211896852934517,0.0998579726933266,0.0,2018,101.56086666666666
2018-09-30,3.0,2.13,2.1712738335320423,0.8287261664679577,0.10327141438824176,0.0,2018,101.58276666666667
2018-10-31,3.15,2.25,2.294298824564712,0.8557011754352879,0.09035038157423902,0.0,2018,101.6477
2018-11-30,3.12,2.33,2.376357194889791,0.7436428051102091,0.10953886363406852,0.0,2018,101.74916666666667
2018-12-31,2.83,2.37,2.4173989005802263,0.41260109941977374,0.11458515968625847,0.0,2018,101.81656666666667
2019-01-31,2.71,2.37,2.4173989005802263,0.29260109941977364,0.1041458151793869,0.0,2019,101.8498
2019-02-28,2.68,2.39,2.437922884671869,0.2420771153281316,0.09142149722028173,0.0,2019,101.964
2019-03-31,2.57,2.4,2.4481856596686566,0.1218143403313432,0.10836586090523648,0.0,2019,102.06083333333333
2019-04-30,2.53,2.38,2.427660631655666,0.10233936834433388,0.11210507757694783,0.0,2019,102.11533333333334
2019-05-31,2.4,2.35,2.396877004092365,0.003122995907634429,0.1111815620123932,0.0,2019,102.11313333333334
2019-06-30,2.07,2.17,2.212273825341393,-0.14227382534139332,0.1250634836441493,0.0,2019,102.06016666666666
2019-07-31,2.06,2.1,2.1405293097526035,-0.08052930975260343,0.13599418924895013,0.0,2019,101.89563333333332
2019-08-31,1.63,1.95,1.9868769811194344,-0.35687698111943456,0.1461445864920672,0.0,2019,101.69426666666668
2019-09-30,1.7,1.89,1.9254488317938951,-0.2254488317938952,0.1450542419913261,0.0,2019,101.683
2019-10-31,1.71,1.65,1.6799233469596109,0.030076653040389086,0.1411965773867445,0.0,2019,101.76633333333335
2019-11-30,1.81,1.54,1.5674907821726018,0.242509217827398,0.15768306595345144,0.0,2019,101.1073
